Date;KLBN3SA;SUZB3SA;^BVSP
2017-01-02 00:00:00-02:00;4,88;18,12;59589,0
2017-01-03 00:00:00-02:00;4,94;18,12;61814,0
2017-01-04 00:00:00-02:00;4,78;18,12;61589,0
2017-01-05 00:00:00-02:00;4,69;18,12;62071,0
2017-01-06 00:00:00-02:00;4,51;18,12;61665,0
2017-01-09 00:00:00-02:00;4,42;18,12;61700,0
2017-01-10 00:00:00-02:00;4,24;18,12;62132,0
2017-01-11 00:00:00-02:00;4,28;18,12;62446,0
2017-01-12 00:00:00-02:00;4,41;18,12;63954,0
2017-01-13 00:00:00-02:00;4,27;18,12;63652,0
2017-01-16 00:00:00-02:00;4,28;18,12;63831,0
2017-01-17 00:00:00-02:00;4,29;18,12;64354,0
2017-01-18 00:00:00-02:00;4,33;18,12;64150,0
2017-01-19 00:00:00-02:00;4,47;18,12;63951,0
2017-01-20 00:00:00-02:00;4,35;18,12;64521,0
2017-01-23 00:00:00-02:00;4,37;18,12;65749,0
2017-01-24 00:00:00-02:00;4,28;18,12;65840,0
2017-01-26 00:00:00-02:00;4,37;18,12;66191,0
2017-01-27 00:00:00-02:00;4,4;18,12;66034,0
2017-01-30 00:00:00-02:00;4,29;18,12;64302,0
2017-01-31 00:00:00-02:00;4,13;18,12;64671,0
2017-02-01 00:00:00-02:00;3,76;18,12;64836,0
2017-02-02 00:00:00-02:00;3,95;18,12;64578,0
2017-02-03 00:00:00-02:00;3,95;18,12;64954,0
2017-02-06 00:00:00-02:00;3,85;18,12;63993,0
2017-02-07 00:00:00-02:00;3,79;18,12;64199,0
2017-02-08 00:00:00-02:00;3,83;18,12;64835,0
2017-02-09 00:00:00-02:00;3,79;18,12;64965,0
2017-02-10 00:00:00-02:00;3,79;18,12;66125,0
2017-02-13 00:00:00-02:00;3,73;18,12;66968,0
2017-02-14 00:00:00-02:00;3,96;18,12;66713,0
2017-02-15 00:00:00-02:00;4,1;18,12;67976,0
2017-02-16 00:00:00-02:00;3,98;18,12;67814,0
2017-02-17 00:00:00-02:00;3,84;18,12;67748,0
2017-02-20 00:00:00-03:00;3,77;18,12;68533,0
2017-02-21 00:00:00-03:00;3,73;18,12;69052,0
2017-02-22 00:00:00-03:00;3,73;18,12;68590,0
2017-02-23 00:00:00-03:00;3,65;18,12;67461,0
2017-02-24 00:00:00-03:00;3,76;18,12;66662,0
2017-03-01 00:00:00-03:00;3,68;18,12;66989,0
2017-03-02 00:00:00-03:00;3,81;18,12;65855,0
2017-03-03 00:00:00-03:00;3,81;18,12;66786,0
2017-03-06 00:00:00-03:00;3,8;18,12;66341,0
2017-03-07 00:00:00-03:00;3,82;18,12;65742,0
2017-03-08 00:00:00-03:00;3,9;18,12;64718,0
2017-03-09 00:00:00-03:00;4,09;18,12;64585,0
2017-03-10 00:00:00-03:00;4,1;18,12;64675,0
2017-03-13 00:00:00-03:00;4,23;18,12;65534,0
2017-03-14 00:00:00-03:00;3,94;18,12;64699,0
2017-03-15 00:00:00-03:00;3,81;18,12;66235,0
2017-03-16 00:00:00-03:00;3,75;18,12;65783,0
2017-03-17 00:00:00-03:00;3,69;18,12;64210,0
2017-03-20 00:00:00-03:00;3,83;18,12;64884,0
2017-03-21 00:00:00-03:00;3,66;18,12;62980,0
2017-03-22 00:00:00-03:00;3,56;18,12;63521,0
2017-03-23 00:00:00-03:00;3,55;18,12;63531,0
2017-03-24 00:00:00-03:00;3,48;18,12;63854,0
2017-03-27 00:00:00-03:00;3,18;18,12;64308,0
2017-03-28 00:00:00-03:00;3,39;18,12;64640,0
2017-03-29 00:00:00-03:00;3,52;18,12;65528,0
2017-03-30 00:00:00-03:00;3,59;18,12;65266,0
2017-03-31 00:00:00-03:00;3,69;18,12;64984,0
2017-04-03 00:00:00-03:00;3,54;18,12;65211,0
2017-04-04 00:00:00-03:00;3,53;18,12;65769,0
2017-04-05 00:00:00-03:00;3,52;18,12;64775,0
2017-04-06 00:00:00-03:00;3,51;18,12;64223,0
2017-04-07 00:00:00-03:00;3,51;18,12;64593,0
2017-04-10 00:00:00-03:00;3,48;18,12;64650,0
2017-04-11 00:00:00-03:00;3,56;18,12;64360,0
2017-04-12 00:00:00-03:00;3,64;18,12;63892,0
2017-04-13 00:00:00-03:00;3,41;18,12;62826,0
2017-04-17 00:00:00-03:00;3,38;18,12;64335,0
2017-04-18 00:00:00-03:00;3,51;18,12;64159,0
2017-04-19 00:00:00-03:00;3,55;18,12;63407,0
2017-04-20 00:00:00-03:00;3,64;18,12;63761,0
2017-04-24 00:00:00-03:00;3,65;18,12;64389,0
2017-04-25 00:00:00-03:00;3,61;18,12;65148,0
2017-04-26 00:00:00-03:00;3,72;18,12;64862,0
2017-04-27 00:00:00-03:00;3,77;18,12;64677,0
2017-04-28 00:00:00-03:00;3,66;18,12;65403,0
2017-05-02 00:00:00-03:00;3,8;18,12;66722,0
2017-05-03 00:00:00-03:00;3,8;18,12;66094,0
2017-05-04 00:00:00-03:00;3,81;18,12;64863,0
2017-05-05 00:00:00-03:00;3,87;18,12;65710,0
2017-05-08 00:00:00-03:00;3,83;18,12;65526,0
2017-05-09 00:00:00-03:00;3,83;18,12;66278,0
2017-05-10 00:00:00-03:00;3,77;18,12;67350,0
2017-05-11 00:00:00-03:00;3,77;18,12;67538,0
2017-05-12 00:00:00-03:00;3,64;18,12;68222,0
2017-05-15 00:00:00-03:00;3,75;18,12;68474,0
2017-05-16 00:00:00-03:00;3,75;18,12;68684,0
2017-05-17 00:00:00-03:00;3,8;18,12;67540,0
2017-05-18 00:00:00-03:00;4,12;18,12;61597,0
2017-05-19 00:00:00-03:00;4,08;18,12;62639,0
2017-05-22 00:00:00-03:00;4,12;18,12;61673,0
2017-05-23 00:00:00-03:00;4,29;18,12;62662,0
2017-05-24 00:00:00-03:00;4,08;18,12;63257,0
2017-05-25 00:00:00-03:00;4,3;18,12;63227,0
2017-05-26 00:00:00-03:00;4,12;18,12;64085,0
2017-05-29 00:00:00-03:00;4,12;18,12;63761,0
2017-05-30 00:00:00-03:00;4,5;18,12;63962,0
2017-05-31 00:00:00-03:00;4,52;18,12;62711,0
2017-06-01 00:00:00-03:00;4,42;18,12;62289,0
2017-06-02 00:00:00-03:00;4,53;18,12;62511,0
2017-06-05 00:00:00-03:00;4,58;18,12;62450,0
2017-06-06 00:00:00-03:00;4,53;18,12;62955,0
2017-06-07 00:00:00-03:00;4,39;18,12;63171,0
2017-06-08 00:00:00-03:00;4,52;18,12;62756,0
2017-06-09 00:00:00-03:00;4,14;18,12;62211,0
2017-06-12 00:00:00-03:00;4,37;18,12;61700,0
2017-06-13 00:00:00-03:00;4,46;18,12;61829,0
2017-06-14 00:00:00-03:00;4,39;18,12;61923,0
2017-06-15 00:00:00-03:00;4,39;18,12;
2017-06-16 00:00:00-03:00;4,6;18,12;61626,0
2017-06-19 00:00:00-03:00;4,58;18,12;62014,0
2017-06-20 00:00:00-03:00;4,46;18,12;60766,0
2017-06-21 00:00:00-03:00;4,33;18,12;60762,0
2017-06-22 00:00:00-03:00;4,4;18,12;61272,0
2017-06-23 00:00:00-03:00;4,08;18,12;61087,0
2017-06-26 00:00:00-03:00;4,26;18,12;62188,0
2017-06-27 00:00:00-03:00;4,25;18,12;61675,0
2017-06-28 00:00:00-03:00;4,37;18,12;62018,0
2017-06-29 00:00:00-03:00;4,29;18,12;62239,0
2017-06-30 00:00:00-03:00;4,13;18,12;62900,0
2017-07-03 00:00:00-03:00;4,28;18,12;63280,0
2017-07-04 00:00:00-03:00;4,36;18,12;63232,0
2017-07-05 00:00:00-03:00;4,3;18,12;63154,0
2017-07-06 00:00:00-03:00;4,12;18,12;62470,0
2017-07-07 00:00:00-03:00;3,95;18,12;62322,0
2017-07-10 00:00:00-03:00;3,92;18,12;63025,0
2017-07-11 00:00:00-03:00;4,15;18,12;63832,0
2017-07-12 00:00:00-03:00;4,04;18,12;64836,0
2017-07-13 00:00:00-03:00;4,02;18,12;65178,0
2017-07-14 00:00:00-03:00;4,06;18,12;65436,0
2017-07-17 00:00:00-03:00;4,25;18,12;65212,0
2017-07-18 00:00:00-03:00;4,22;18,12;65338,0
2017-07-19 00:00:00-03:00;4,16;18,12;65180,0
2017-07-20 00:00:00-03:00;4,23;18,12;64938,0
2017-07-21 00:00:00-03:00;4,15;18,12;64684,0
2017-07-24 00:00:00-03:00;4,17;18,12;65100,0
2017-07-25 00:00:00-03:00;4,02;18,12;65668,0
2017-07-26 00:00:00-03:00;4,0;18,12;65011,0
2017-07-27 00:00:00-03:00;4,04;18,12;65277,0
2017-07-28 00:00:00-03:00;3,97;18,12;65497,0
2017-07-31 00:00:00-03:00;3,92;18,12;65920,0
2017-08-01 00:00:00-03:00;3,97;18,12;66516,0
2017-08-02 00:00:00-03:00;4,1;18,12;67136,0
2017-08-03 00:00:00-03:00;4,02;18,12;66777,0
2017-08-04 00:00:00-03:00;4,18;18,12;66898,0
2017-08-07 00:00:00-03:00;4,1;18,12;67940,0
2017-08-08 00:00:00-03:00;3,92;18,12;67899,0
2017-08-09 00:00:00-03:00;3,86;18,12;67671,0
2017-08-10 00:00:00-03:00;3,85;18,12;66992,0
2017-08-11 00:00:00-03:00;4,02;18,12;67359,0
2017-08-14 00:00:00-03:00;4,06;18,12;68285,0
2017-08-15 00:00:00-03:00;4,16;18,12;68355,0
2017-08-16 00:00:00-03:00;4,26;18,12;68594,0
2017-08-17 00:00:00-03:00;4,17;18,12;67977,0
2017-08-18 00:00:00-03:00;4,15;18,12;68715,0
2017-08-21 00:00:00-03:00;4,22;18,12;68635,0
2017-08-22 00:00:00-03:00;4,26;18,12;70011,0
2017-08-23 00:00:00-03:00;4,26;18,12;70478,0
2017-08-24 00:00:00-03:00;4,37;18,12;71133,0
2017-08-25 00:00:00-03:00;4,23;18,12;71074,0
2017-08-28 00:00:00-03:00;4,27;18,12;71017,0
2017-08-29 00:00:00-03:00;4,26;18,12;71330,0
2017-08-30 00:00:00-03:00;4,19;18,12;70886,0
2017-08-31 00:00:00-03:00;4,11;18,12;70835,0
2017-09-01 00:00:00-03:00;4,1;18,12;71923,0
2017-09-04 00:00:00-03:00;4,26;18,12;72129,0
2017-09-05 00:00:00-03:00;4,19;18,12;72151,0
2017-09-06 00:00:00-03:00;4,24;18,12;73412,0
2017-09-07 00:00:00-03:00;4,24;18,12;
2017-09-08 00:00:00-03:00;4,19;18,12;73079,0
2017-09-11 00:00:00-03:00;4,38;18,12;74319,0
2017-09-12 00:00:00-03:00;4,16;18,12;74539,0
2017-09-13 00:00:00-03:00;4,17;18,12;74788,0
2017-09-14 00:00:00-03:00;4,22;18,12;74657,0
2017-09-15 00:00:00-03:00;4,24;18,12;75757,0
2017-09-18 00:00:00-03:00;4,4;18,12;75990,0
2017-09-19 00:00:00-03:00;4,49;18,12;75974,0
2017-09-20 00:00:00-03:00;4,41;18,12;76004,0
2017-09-21 00:00:00-03:00;4,6;18,12;75604,0
2017-09-22 00:00:00-03:00;4,57;18,12;75390,0
2017-09-25 00:00:00-03:00;4,56;18,12;74443,0
2017-09-26 00:00:00-03:00;4,27;18,12;74319,0
2017-09-27 00:00:00-03:00;4,39;18,12;73797,0
2017-09-28 00:00:00-03:00;4,29;18,12;73567,0
2017-09-29 00:00:00-03:00;4,36;18,12;74294,0
2017-10-02 00:00:00-03:00;4,26;18,12;74360,0
2017-10-03 00:00:00-03:00;4,52;18,12;76763,0
2017-10-04 00:00:00-03:00;4,43;18,12;76591,0
2017-10-05 00:00:00-03:00;4,46;18,12;76618,0
2017-10-06 00:00:00-03:00;4,61;18,12;76055,0
2017-10-09 00:00:00-03:00;4,48;18,12;75727,0
2017-10-10 00:00:00-03:00;4,41;18,12;76897,0
2017-10-11 00:00:00-03:00;4,57;18,12;76660,0
2017-10-12 00:00:00-03:00;4,57;18,12;
2017-10-13 00:00:00-03:00;4,47;18,12;76990,0
2017-10-16 00:00:00-02:00;4,77;18,12;76892,0
2017-10-17 00:00:00-02:00;4,73;18,12;76201,0
2017-10-18 00:00:00-02:00;4,7;18,12;76591,0
2017-10-19 00:00:00-02:00;4,65;18,12;76283,0
2017-10-20 00:00:00-02:00;4,87;18,12;76391,0
2017-10-23 00:00:00-02:00;4,51;18,12;75413,0
2017-10-24 00:00:00-02:00;4,52;18,12;76350,0
2017-10-25 00:00:00-02:00;4,63;18,12;76671,0
2017-10-26 00:00:00-02:00;4,61;18,12;75896,0
2017-10-27 00:00:00-02:00;4,58;18,12;75976,0
2017-10-30 00:00:00-02:00;4,2;18,12;74800,0
2017-10-31 00:00:00-02:00;4,41;18,12;74308,0
2017-11-01 00:00:00-02:00;4,36;18,12;73824,0
2017-11-02 00:00:00-02:00;4,36;18,12;
2017-11-03 00:00:00-02:00;4,39;18,12;73915,0
2017-11-06 00:00:00-02:00;4,39;18,12;74311,0
2017-11-07 00:00:00-02:00;4,32;18,12;72415,0
2017-11-08 00:00:00-02:00;4,32;18,12;74363,0
2017-11-09 00:00:00-02:00;4,54;18,12;72931,0
2017-11-10 00:00:00-02:00;4,34;18,62;72166,0
2017-11-13 00:00:00-02:00;4,64;18,24;72475,0
2017-11-14 00:00:00-02:00;4,38;17,84;70827,0
2017-11-15 00:00:00-02:00;4,38;17,84;
2017-11-16 00:00:00-02:00;4,47;18,11;72512,0
2017-11-17 00:00:00-02:00;4,38;18,47;73437,0
2017-11-20 00:00:00-02:00;4,38;18,47;
2017-11-21 00:00:00-02:00;4,45;18,66;74595,0
2017-11-22 00:00:00-02:00;4,45;17,93;74519,0
2017-11-23 00:00:00-02:00;4,31;17,68;74487,0
2017-11-24 00:00:00-02:00;4,29;17,52;74157,0
2017-11-27 00:00:00-02:00;4,42;17,33;74059,0
2017-11-28 00:00:00-02:00;4,4;16,78;74140,0
2017-11-29 00:00:00-02:00;4,27;16,44;72700,0
2017-11-30 00:00:00-02:00;4,34;16,02;71971,0
2017-12-01 00:00:00-02:00;4,11;16,23;72264,0
2017-12-04 00:00:00-02:00;4,18;16,0;73090,0
2017-12-05 00:00:00-02:00;4,1;16,3;72546,0
2017-12-06 00:00:00-02:00;4,25;17,28;73268,0
2017-12-07 00:00:00-02:00;4,16;17,12;72487,0
2017-12-08 00:00:00-02:00;4,1;17,18;72732,0
2017-12-11 00:00:00-02:00;4,07;16,91;72800,0
2017-12-12 00:00:00-02:00;4,11;16,88;73814,0
2017-12-13 00:00:00-02:00;4,06;16,56;72914,0
2017-12-14 00:00:00-02:00;4,05;16,63;72429,0
2017-12-15 00:00:00-02:00;4,19;16,72;72608,0
2017-12-18 00:00:00-02:00;4,27;16,77;73115,0
2017-12-19 00:00:00-02:00;4,09;16,45;72680,0
2017-12-20 00:00:00-02:00;4,15;16,93;73367,0
2017-12-21 00:00:00-02:00;4,34;17,36;75133,0
2017-12-22 00:00:00-02:00;4,22;17,05;75187,0
2017-12-25 00:00:00-02:00;4,22;17,05;
2017-12-26 00:00:00-02:00;4,26;16,91;75688,0
2017-12-27 00:00:00-02:00;4,17;16,94;76073,0
2017-12-28 00:00:00-02:00;4,26;17,1;76402,0
2017-12-29 00:00:00-02:00;4,26;17,1;76402,0
2018-01-02 00:00:00-02:00;4,37;17,19;77891,0
2018-01-03 00:00:00-02:00;4,27;17,06;77995,0
2018-01-04 00:00:00-02:00;4,26;17,11;78647,0
2018-01-05 00:00:00-02:00;4,3;17,06;79071,0
2018-01-08 00:00:00-02:00;4,38;17,47;79379,0
2018-01-09 00:00:00-02:00;4,34;17,66;78864,0
2018-01-10 00:00:00-02:00;4,26;17,76;78201,0
2018-01-11 00:00:00-02:00;4,22;17,69;79365,0
2018-01-12 00:00:00-02:00;4,19;17,63;79349,0
2018-01-15 00:00:00-02:00;4,16;17,81;79752,0
2018-01-16 00:00:00-02:00;4,14;17,79;79832,0
2018-01-17 00:00:00-02:00;4,05;17,98;81189,0
2018-01-18 00:00:00-02:00;4,17;19,21;80963,0
2018-01-19 00:00:00-02:00;4,25;19,4;81220,0
2018-01-22 00:00:00-02:00;4,16;19,5;81675,0
2018-01-23 00:00:00-02:00;4,22;19,28;80678,0
2018-01-24 00:00:00-02:00;4,3;19,11;83680,0
2018-01-25 00:00:00-02:00;4,3;19,11;
2018-01-26 00:00:00-02:00;4,18;18,84;85531,0
2018-01-29 00:00:00-02:00;4,27;18,73;84698,0
2018-01-30 00:00:00-02:00;4,22;19,27;84482,0
2018-01-31 00:00:00-02:00;4,14;18,9;84913,0
2018-02-01 00:00:00-02:00;4,11;19,24;85495,0
2018-02-02 00:00:00-02:00;4,15;19,4;84041,0
2018-02-05 00:00:00-02:00;4,1;19,27;81861,0
2018-02-06 00:00:00-02:00;4,24;19,14;83894,0
2018-02-07 00:00:00-02:00;4,31;19,12;82767,0
2018-02-08 00:00:00-02:00;4,12;18,19;81533,0
2018-02-09 00:00:00-02:00;3,99;18,22;80899,0
2018-02-14 00:00:00-02:00;4,06;18,59;83543,0
2018-02-15 00:00:00-02:00;4,19;18,56;84291,0
2018-02-16 00:00:00-02:00;4,15;19,52;84525,0
2018-02-19 00:00:00-03:00;4,17;20,21;84793,0
2018-02-20 00:00:00-03:00;4,23;20,88;85804,0
2018-02-21 00:00:00-03:00;4,18;20,86;86052,0
2018-02-22 00:00:00-03:00;4,2;20,27;86686,0
2018-02-23 00:00:00-03:00;4,41;20,27;87293,0
2018-02-26 00:00:00-03:00;4,3;19,75;87653,0
2018-02-27 00:00:00-03:00;4,31;19,63;86935,0
2018-02-28 00:00:00-03:00;4,21;19,9;85481,0
2018-03-01 00:00:00-03:00;4,33;19,45;85378,0
2018-03-02 00:00:00-03:00;4,37;19,94;85761,0
2018-03-05 00:00:00-03:00;4,3;19,6;86023,0
2018-03-06 00:00:00-03:00;4,37;19,81;85653,0
2018-03-07 00:00:00-03:00;4,45;20,09;85484,0
2018-03-08 00:00:00-03:00;4,41;20,82;84985,0
2018-03-09 00:00:00-03:00;4,49;21,17;86371,0
2018-03-12 00:00:00-03:00;4,53;20,23;86900,0
2018-03-13 00:00:00-03:00;4,72;20,81;86384,0
2018-03-14 00:00:00-03:00;4,75;21,96;86051,0
2018-03-15 00:00:00-03:00;4,92;21,41;84928,0
2018-03-16 00:00:00-03:00;5,04;26,07;84886,0
2018-03-19 00:00:00-03:00;5,05;28,0;83913,0
2018-03-20 00:00:00-03:00;5,24;27,86;84164,0
2018-03-21 00:00:00-03:00;5,35;29,07;84977,0
2018-03-22 00:00:00-03:00;5,26;29,73;84768,0
2018-03-23 00:00:00-03:00;5,22;30,37;84377,0
2018-03-26 00:00:00-03:00;5,3;31,3;85088,0
2018-03-27 00:00:00-03:00;5,3;30,22;83808,0
2018-03-28 00:00:00-03:00;5,85;30,6;83874,0
2018-03-29 00:00:00-03:00;6,24;30,52;85366,0
2018-04-02 00:00:00-03:00;6,15;30,68;84666,0
2018-04-03 00:00:00-03:00;6,54;31,47;84623,0
2018-04-04 00:00:00-03:00;6,81;32,84;84360,0
2018-04-05 00:00:00-03:00;6,65;33,39;85210,0
2018-04-06 00:00:00-03:00;6,51;34,76;84820,0
2018-04-09 00:00:00-03:00;6,61;33,82;83307,0
2018-04-10 00:00:00-03:00;6,43;33,64;84510,0
2018-04-11 00:00:00-03:00;6,32;32,66;85246,0
2018-04-12 00:00:00-03:00;5,37;33,26;85444,0
2018-04-13 00:00:00-03:00;5,91;33,17;84334,0
2018-04-16 00:00:00-03:00;5,94;33,72;82862,0
2018-04-17 00:00:00-03:00;6,36;34,67;84086,0
2018-04-18 00:00:00-03:00;6,7;34,17;85776,0
2018-04-19 00:00:00-03:00;6,36;34,15;85824,0
2018-04-20 00:00:00-03:00;6,33;34,43;85550,0
2018-04-23 00:00:00-03:00;6,19;34,99;85602,0
2018-04-24 00:00:00-03:00;5,9;34,49;85469,0
2018-04-25 00:00:00-03:00;6,06;35,86;85044,0
2018-04-26 00:00:00-03:00;6,33;36,6;86383,0
2018-04-27 00:00:00-03:00;6,45;37,0;86445,0
2018-04-30 00:00:00-03:00;6,58;37,75;86115,0
2018-05-02 00:00:00-03:00;6,36;39,03;84547,0
2018-05-03 00:00:00-03:00;6,52;37,53;83288,0
2018-05-04 00:00:00-03:00;6,29;36,63;83118,0
2018-05-07 00:00:00-03:00;6,56;36,25;82714,0
2018-05-08 00:00:00-03:00;6,7;36,75;82956,0
2018-05-09 00:00:00-03:00;6,81;39,39;84265,0
2018-05-10 00:00:00-03:00;6,56;38,63;85861,0
2018-05-11 00:00:00-03:00;6,72;39,62;85220,0
2018-05-14 00:00:00-03:00;6,64;41,6;85232,0
2018-05-15 00:00:00-03:00;7,15;42,28;85130,0
2018-05-16 00:00:00-03:00;7,15;40,9;86537,0
2018-05-17 00:00:00-03:00;6,9;40,84;83622,0
2018-05-18 00:00:00-03:00;6,65;42,46;83082,0
2018-05-21 00:00:00-03:00;6,26;42,03;81815,0
2018-05-22 00:00:00-03:00;6,34;39,51;82739,0
2018-05-23 00:00:00-03:00;6,29;39,26;80867,0
2018-05-24 00:00:00-03:00;6,34;41,63;80122,0
2018-05-25 00:00:00-03:00;6,31;40,74;78898,0
2018-05-28 00:00:00-03:00;6,55;41,37;75356,0
2018-05-29 00:00:00-03:00;6,39;39,67;76072,0
2018-05-30 00:00:00-03:00;6,4;39,62;76754,0
2018-06-01 00:00:00-03:00;6,47;40,89;77240,0
2018-06-04 00:00:00-03:00;6,56;43,24;78596,0
2018-06-05 00:00:00-03:00;6,81;44,4;76642,0
2018-06-06 00:00:00-03:00;7,08;47,77;76117,0
2018-06-07 00:00:00-03:00;6,81;45,46;73851,0
2018-06-08 00:00:00-03:00;6,81;41,12;72942,0
2018-06-11 00:00:00-03:00;6,4;40,53;72308,0
2018-06-12 00:00:00-03:00;6,59;42,23;72754,0
2018-06-13 00:00:00-03:00;6,66;42,3;72122,0
2018-06-14 00:00:00-03:00;6,48;44,13;71421,0
2018-06-15 00:00:00-03:00;6,51;43,48;70758,0
2018-06-18 00:00:00-03:00;6,58;42,56;69815,0
2018-06-19 00:00:00-03:00;6,15;40,31;71394,0
2018-06-20 00:00:00-03:00;6,05;39,63;72123,0
2018-06-21 00:00:00-03:00;6,2;40,06;70075,0
2018-06-22 00:00:00-03:00;5,79;40,34;70641,0
2018-06-25 00:00:00-03:00;6,13;40,41;70953,0
2018-06-26 00:00:00-03:00;6,01;40,91;71405,0
2018-06-27 00:00:00-03:00;6,34;41,37;70609,0
2018-06-28 00:00:00-03:00;6,01;40,61;71767,0
2018-06-29 00:00:00-03:00;6,03;41,34;72763,0
2018-07-02 00:00:00-03:00;6,03;40,99;72840,0
2018-07-03 00:00:00-03:00;6,02;41,37;73668,0
2018-07-04 00:00:00-03:00;6,1;42,02;74743,0
2018-07-05 00:00:00-03:00;5,96;43,01;74553,0
2018-07-06 00:00:00-03:00;6,12;41,96;75010,0
2018-07-10 00:00:00-03:00;5,92;39,82;74862,0
2018-07-11 00:00:00-03:00;5,88;41,26;74399,0
2018-07-12 00:00:00-03:00;5,66;40,6;75856,0
2018-07-13 00:00:00-03:00;5,75;40,67;76594,0
2018-07-16 00:00:00-03:00;5,76;40,74;76653,0
2018-07-17 00:00:00-03:00;6,06;40,17;78130,0
2018-07-18 00:00:00-03:00;5,83;38,85;77363,0
2018-07-19 00:00:00-03:00;6,05;38,61;77487,0
2018-07-20 00:00:00-03:00;6,1;36,6;78571,0
2018-07-23 00:00:00-03:00;6,12;37,79;77996,0
2018-07-24 00:00:00-03:00;6,01;38,26;79155,0
2018-07-25 00:00:00-03:00;6,07;39,12;80218,0
2018-07-26 00:00:00-03:00;5,92;39,05;79405,0
2018-07-27 00:00:00-03:00;6,08;39,9;79866,0
2018-07-30 00:00:00-03:00;5,96;40,62;80276,0
2018-07-31 00:00:00-03:00;6,06;40,96;79220,0
2018-08-01 00:00:00-03:00;6,09;40,08;79302,0
2018-08-02 00:00:00-03:00;5,87;40,55;79637,0
2018-08-03 00:00:00-03:00;5,8;39,38;81435,0
2018-08-06 00:00:00-03:00;5,99;39,62;81051,0
2018-08-07 00:00:00-03:00;5,99;39,01;80347,0
2018-08-08 00:00:00-03:00;5,74;40,15;79152,0
2018-08-09 00:00:00-03:00;5,74;40,45;78768,0
2018-08-10 00:00:00-03:00;5,74;41,99;76514,0
2018-08-13 00:00:00-03:00;5,78;43,21;77496,0
2018-08-14 00:00:00-03:00;5,77;42,27;78602,0
2018-08-15 00:00:00-03:00;5,77;40,75;77078,0
2018-08-16 00:00:00-03:00;5,78;39,68;76819,0
2018-08-17 00:00:00-03:00;5,78;40,39;76029,0
2018-08-20 00:00:00-03:00;5,92;41,55;76328,0
2018-08-21 00:00:00-03:00;5,89;43,37;75180,0
2018-08-22 00:00:00-03:00;6,08;44,33;76902,0
2018-08-23 00:00:00-03:00;6,53;46,24;75634,0
2018-08-24 00:00:00-03:00;6,81;46,78;76262,0
2018-08-27 00:00:00-03:00;7,4;45,26;77930,0
2018-08-28 00:00:00-03:00;7,7;45,98;77473,0
2018-08-29 00:00:00-03:00;7,4;44,65;78389,0
2018-08-30 00:00:00-03:00;7,19;44,63;76404,0
2018-08-31 00:00:00-03:00;6,94;43,49;76678,0
2018-09-03 00:00:00-03:00;7,42;45,08;76193,0
2018-09-04 00:00:00-03:00;7,28;46,32;74712,0
2018-09-05 00:00:00-03:00;7,24;49,75;75092,0
2018-09-06 00:00:00-03:00;7,1;50,03;76416,0
2018-09-10 00:00:00-03:00;7,1;48,67;76436,0
2018-09-11 00:00:00-03:00;7,1;47,94;74657,0
2018-09-12 00:00:00-03:00;7,01;47,61;75125,0
2018-09-13 00:00:00-03:00;6,87;47,58;74687,0
2018-09-14 00:00:00-03:00;6,74;47,8;75429,0
2018-09-17 00:00:00-03:00;6,58;47,25;76789,0
2018-09-18 00:00:00-03:00;6,52;45,25;78314,0
2018-09-19 00:00:00-03:00;6,25;44,49;78169,0
2018-09-20 00:00:00-03:00;6,16;44,02;78116,0
2018-09-21 00:00:00-03:00;6,03;43,25;79444,0
2018-09-24 00:00:00-03:00;6,03;43,17;77984,0
2018-09-25 00:00:00-03:00;6,02;44,13;78630,0
2018-09-26 00:00:00-03:00;6,15;44,09;78656,0
2018-09-27 00:00:00-03:00;6,17;43,58;80000,0
2018-09-28 00:00:00-03:00;5,93;44,2;79342,0
2018-10-01 00:00:00-03:00;5,99;44,13;78624,0
2018-10-02 00:00:00-03:00;5,96;42,47;81612,0
2018-10-03 00:00:00-03:00;5,8;40,58;83273,0
2018-10-04 00:00:00-03:00;5,56;38,34;82953,0
2018-10-05 00:00:00-03:00;5,18;38,5;82322,0
2018-10-08 00:00:00-03:00;4,96;38,34;86084,0
2018-10-09 00:00:00-03:00;4,81;37,69;86088,0
2018-10-10 00:00:00-03:00;4,98;38,53;83679,0
2018-10-11 00:00:00-03:00;4,81;38,19;82921,0
2018-10-15 00:00:00-03:00;4,95;37,69;83360,0
2018-10-16 00:00:00-03:00;5,14;37,46;85718,0
2018-10-17 00:00:00-03:00;5,13;36,97;85764,0
2018-10-18 00:00:00-03:00;5,19;37,09;83847,0
2018-10-19 00:00:00-03:00;5,31;37,04;84220,0
2018-10-22 00:00:00-03:00;5,35;37,43;85597,0
2018-10-23 00:00:00-03:00;5,68;37,68;85300,0
2018-10-24 00:00:00-03:00;5,69;38,61;83064,0
2018-10-25 00:00:00-03:00;5,83;38,82;84084,0
2018-10-26 00:00:00-03:00;5,24;36,31;85720,0
2018-10-29 00:00:00-03:00;5,05;34,86;83797,0
2018-10-30 00:00:00-03:00;5,13;33,63;86886,0
2018-10-31 00:00:00-03:00;5,1;34,8;87424,0
2018-11-01 00:00:00-03:00;5,22;34,05;88419,0
2018-11-05 00:00:00-02:00;5,32;34,81;89598,0
2018-11-06 00:00:00-02:00;5,32;34,35;88669,0
2018-11-07 00:00:00-02:00;5,19;33,66;87714,0
2018-11-08 00:00:00-02:00;5,15;32,61;85620,0
2018-11-09 00:00:00-02:00;5,1;31,62;85641,0
2018-11-12 00:00:00-02:00;5,07;31,44;85525,0
2018-11-13 00:00:00-02:00;4,97;33,38;84914,0
2018-11-14 00:00:00-02:00;4,84;35,99;85973,0
2018-11-16 00:00:00-02:00;4,86;35,49;88515,0
2018-11-19 00:00:00-02:00;4,76;34,38;87901,0
2018-11-21 00:00:00-02:00;4,72;33,23;87269,0
2018-11-22 00:00:00-02:00;4,85;34,86;87477,0
2018-11-23 00:00:00-02:00;4,59;34,15;86230,0
2018-11-26 00:00:00-02:00;4,41;34,83;85547,0
2018-11-27 00:00:00-02:00;4,67;34,02;87891,0
2018-11-28 00:00:00-02:00;4,5;33,78;89251,0
2018-11-29 00:00:00-02:00;4,41;35,79;89710,0
2018-11-30 00:00:00-02:00;4,35;37,59;89504,0
2018-12-03 00:00:00-02:00;4,32;38,24;89820,0
2018-12-04 00:00:00-02:00;4,07;36,45;88624,0
2018-12-05 00:00:00-02:00;4,07;36,58;89040,0
2018-12-06 00:00:00-02:00;4,1;36,07;88846,0
2018-12-07 00:00:00-02:00;3,95;35,07;88115,0
2018-12-10 00:00:00-02:00;4,07;34,24;85915,0
2018-12-11 00:00:00-02:00;3,95;32,94;86420,0
2018-12-12 00:00:00-02:00;3,9;33,36;86977,0
2018-12-13 00:00:00-02:00;3,81;34,54;87838,0
2018-12-14 00:00:00-02:00;3,68;34,11;87450,0
2018-12-17 00:00:00-02:00;3,81;33,3;86400,0
2018-12-18 00:00:00-02:00;3,93;34,43;86610,0
2018-12-19 00:00:00-02:00;4,05;33,91;85674,0
2018-12-20 00:00:00-02:00;3,94;33,75;85269,0
2018-12-21 00:00:00-02:00;3,85;35,67;85697,0
2018-12-26 00:00:00-02:00;3,72;35,62;85136,0
2018-12-27 00:00:00-02:00;3,65;34,03;85460,0
2018-12-28 00:00:00-02:00;3,84;35,01;87887,0
2019-01-02 00:00:00-02:00;4,02;35,49;91012,0
2019-01-03 00:00:00-02:00;3,93;33,97;91564,0
2019-01-04 00:00:00-02:00;4,06;34,54;91841,0
2019-01-07 00:00:00-02:00;4,26;32,96;91699,0
2019-01-08 00:00:00-02:00;4,13;33,28;92032,0
2019-01-09 00:00:00-02:00;4,33;35,27;93613,0
2019-01-10 00:00:00-02:00;4,36;35,72;93806,0
2019-01-11 00:00:00-02:00;4,39;35,72;93658,0
2019-01-14 00:00:00-02:00;4,69;35,85;94474,0
2019-01-15 00:00:00-02:00;4,94;38,89;94056,0
2019-01-16 00:00:00-02:00;5,11;40,6;94393,0
2019-01-17 00:00:00-02:00;5,05;39,5;95351,0
2019-01-18 00:00:00-02:00;4,98;40,79;96097,0
2019-01-21 00:00:00-02:00;5,07;41,92;96010,0
2019-01-22 00:00:00-02:00;4,93;40,89;95103,0
2019-01-23 00:00:00-02:00;5,06;42,14;96558,0
2019-01-24 00:00:00-02:00;5,2;44,08;97677,0
2019-01-28 00:00:00-02:00;5,38;45,12;95444,0
2019-01-29 00:00:00-02:00;5,35;44,14;95639,0
2019-01-30 00:00:00-02:00;5,39;42,84;96996,0
2019-01-31 00:00:00-02:00;5,25;42,29;97394,0
2019-02-01 00:00:00-02:00;5,27;42,85;97861,0
2019-02-04 00:00:00-02:00;5,33;43,22;98589,0
2019-02-05 00:00:00-02:00;5,48;43,47;98311,0
2019-02-06 00:00:00-02:00;5,32;43,99;94636,0
2019-02-07 00:00:00-02:00;5,42;44,7;94406,0
2019-02-08 00:00:00-02:00;5,32;44,09;95343,0
2019-02-11 00:00:00-02:00;5,17;42,92;94413,0
2019-02-12 00:00:00-02:00;4,97;41,69;96168,0
2019-02-13 00:00:00-02:00;4,91;42,17;95842,0
2019-02-14 00:00:00-02:00;4,99;41,42;98015,0
2019-02-15 00:00:00-02:00;4,93;41,99;97526,0
2019-02-18 00:00:00-03:00;4,91;42,2;96510,0
2019-02-19 00:00:00-03:00;4,98;42,79;97659,0
2019-02-20 00:00:00-03:00;5,0;43,15;96545,0
2019-02-21 00:00:00-03:00;4,92;43,8;96932,0
2019-02-22 00:00:00-03:00;4,93;43,67;97886,0
2019-02-25 00:00:00-03:00;4,99;44,13;97240,0
2019-02-26 00:00:00-03:00;5,03;46,24;97603,0
2019-02-27 00:00:00-03:00;5,0;44,24;97307,0
2019-02-28 00:00:00-03:00;4,87;43,81;95584,0
2019-03-01 00:00:00-03:00;4,79;44,64;94604,0
2019-03-06 00:00:00-03:00;4,61;44,3;94217,0
2019-03-07 00:00:00-03:00;4,59;44,71;94340,0
2019-03-08 00:00:00-03:00;4,78;43,24;95365,0
2019-03-11 00:00:00-03:00;4,79;43,53;98027,0
2019-03-12 00:00:00-03:00;4,65;42,49;97828,0
2019-03-13 00:00:00-03:00;4,82;42,38;98904,0
2019-03-14 00:00:00-03:00;4,67;42,29;98605,0
2019-03-15 00:00:00-03:00;4,74;42,93;99137,0
2019-03-18 00:00:00-03:00;4,66;43,7;99994,0
2019-03-19 00:00:00-03:00;4,63;41,72;99588,0
2019-03-20 00:00:00-03:00;4,48;40,33;98041,0
2019-03-21 00:00:00-03:00;4,38;41,6;96729,0
2019-03-22 00:00:00-03:00;4,34;42,1;93735,0
2019-03-25 00:00:00-03:00;4,26;42,87;93662,0
2019-03-26 00:00:00-03:00;4,29;42,84;95307,0
2019-03-27 00:00:00-03:00;4,33;43,64;91903,0
2019-03-28 00:00:00-03:00;4,39;42,66;94389,0
2019-03-29 00:00:00-03:00;4,09;42,79;95415,0
2019-04-01 00:00:00-03:00;4,45;44,01;96054,0
2019-04-02 00:00:00-03:00;4,51;44,17;95387,0
2019-04-03 00:00:00-03:00;4,51;43,12;94491,0
2019-04-04 00:00:00-03:00;4,27;41,77;96313,0
2019-04-05 00:00:00-03:00;4,32;41,55;97108,0
2019-04-08 00:00:00-03:00;4,45;41,73;97369,0
2019-04-09 00:00:00-03:00;4,34;41,09;96292,0
2019-04-10 00:00:00-03:00;4,14;39,65;95953,0
2019-04-11 00:00:00-03:00;4,23;39,43;94755,0
2019-04-12 00:00:00-03:00;3,98;39,06;92875,0
2019-04-15 00:00:00-03:00;3,85;39,03;93083,0
2019-04-16 00:00:00-03:00;3,78;38,21;94333,0
2019-04-17 00:00:00-03:00;4,0;37,97;93285,0
2019-04-18 00:00:00-03:00;3,98;38,13;94578,0
2019-04-22 00:00:00-03:00;3,81;38,19;94588,0
2019-04-23 00:00:00-03:00;3,82;38,53;95923,0
2019-04-24 00:00:00-03:00;3,77;39,17;95045,0
2019-04-25 00:00:00-03:00;4,08;40,72;96552,0
2019-04-26 00:00:00-03:00;4,05;40,16;96236,0
2019-04-29 00:00:00-03:00;3,99;39,94;96188,0
2019-04-30 00:00:00-03:00;3,96;38,27;96353,0
2019-05-02 00:00:00-03:00;3,94;39,4;95528,0
2019-05-03 00:00:00-03:00;3,81;39,45;96008,0
2019-05-06 00:00:00-03:00;3,69;38,83;95009,0
2019-05-07 00:00:00-03:00;3,63;38,51;94389,0
2019-05-08 00:00:00-03:00;3,73;38,78;95597,0
2019-05-09 00:00:00-03:00;3,97;41,49;94808,0
2019-05-10 00:00:00-03:00;3,97;37,87;94258,0
2019-05-13 00:00:00-03:00;3,63;35,82;91727,0
2019-05-14 00:00:00-03:00;3,66;35,18;92092,0
2019-05-15 00:00:00-03:00;3,57;34,57;91623,0
2019-05-16 00:00:00-03:00;3,57;33,65;90024,0
2019-05-17 00:00:00-03:00;3,62;35,7;89993,0
2019-05-20 00:00:00-03:00;3,61;35,02;91946,0
2019-05-21 00:00:00-03:00;3,84;34,74;94485,0
2019-05-22 00:00:00-03:00;3,84;35,09;94361,0
2019-05-23 00:00:00-03:00;3,78;34,58;93910,0
2019-05-24 00:00:00-03:00;3,56;32,03;93628,0
2019-05-27 00:00:00-03:00;3,55;32,33;94864,0
2019-05-28 00:00:00-03:00;3,53;32,39;96393,0
2019-05-29 00:00:00-03:00;3,53;31,24;96567,0
2019-05-30 00:00:00-03:00;3,49;31,29;97457,0
2019-05-31 00:00:00-03:00;3,51;30,14;97030,0
2019-06-03 00:00:00-03:00;3,42;29,36;97020,0
2019-06-04 00:00:00-03:00;3,36;28,88;97380,0
2019-06-05 00:00:00-03:00;3,43;28,61;95999,0
2019-06-06 00:00:00-03:00;3,42;28,14;97205,0
2019-06-07 00:00:00-03:00;3,42;28,52;97821,0
2019-06-10 00:00:00-03:00;3,55;28,91;97467,0
2019-06-11 00:00:00-03:00;3,48;28,98;98960,0
2019-06-12 00:00:00-03:00;3,52;28,43;98321,0
2019-06-13 00:00:00-03:00;3,59;30,0;98774,0
2019-06-14 00:00:00-03:00;3,61;30,53;98040,0
2019-06-17 00:00:00-03:00;3,56;30,91;97623,0
2019-06-18 00:00:00-03:00;3,66;31,36;99404,0
2019-06-19 00:00:00-03:00;3,7;31,0;100303,0
2019-06-21 00:00:00-03:00;3,75;31,72;102013,0
2019-06-24 00:00:00-03:00;3,73;32,43;102062,0
2019-06-25 00:00:00-03:00;3,62;31,57;100093,0
2019-06-26 00:00:00-03:00;3,71;31,37;100689,0
2019-06-27 00:00:00-03:00;3,74;31,74;100724,0
2019-06-28 00:00:00-03:00;3,63;30,86;100967,0
2019-07-01 00:00:00-03:00;3,63;29,66;101340,0
2019-07-02 00:00:00-03:00;3,64;29,12;100605,0
2019-07-03 00:00:00-03:00;3,66;29,31;102043,0
2019-07-04 00:00:00-03:00;3,71;29,83;103636,0
2019-07-05 00:00:00-03:00;3,78;30,72;104089,0
2019-07-08 00:00:00-03:00;3,71;30,58;104530,0
2019-07-10 00:00:00-03:00;3,78;29,59;105817,0
2019-07-11 00:00:00-03:00;3,72;29,17;105146,0
2019-07-12 00:00:00-03:00;3,75;30,06;103906,0
2019-07-15 00:00:00-03:00;3,83;30,91;103803,0
2019-07-16 00:00:00-03:00;3,78;31,63;103775,0
2019-07-17 00:00:00-03:00;3,81;32,65;103856,0
2019-07-18 00:00:00-03:00;3,8;32,39;104717,0
2019-07-19 00:00:00-03:00;3,72;31,08;103452,0
2019-07-22 00:00:00-03:00;3,66;30,71;103949,0
2019-07-23 00:00:00-03:00;3,58;30,13;103704,0
2019-07-24 00:00:00-03:00;3,57;30,11;104120,0
2019-07-25 00:00:00-03:00;3,53;29,8;102655,0
2019-07-26 00:00:00-03:00;3,6;29,31;102819,0
2019-07-29 00:00:00-03:00;3,62;28,81;103483,0
2019-07-30 00:00:00-03:00;3,71;29,21;102933,0
2019-07-31 00:00:00-03:00;3,66;28,81;101812,0
2019-08-01 00:00:00-03:00;3,56;28,8;102126,0
2019-08-02 00:00:00-03:00;3,53;28,38;102674,0
2019-08-05 00:00:00-03:00;3,5;28,33;100098,0
2019-08-06 00:00:00-03:00;3,41;28,44;102164,0
2019-08-07 00:00:00-03:00;3,35;28,56;102782,0
2019-08-08 00:00:00-03:00;3,41;29,22;104115,0
2019-08-09 00:00:00-03:00;3,39;28,62;103996,0
2019-08-12 00:00:00-03:00;3,36;28,97;101915,0
2019-08-13 00:00:00-03:00;3,54;30,67;103299,0
2019-08-14 00:00:00-03:00;3,33;30,12;100258,0
2019-08-15 00:00:00-03:00;3,21;29,91;99057,0
2019-08-16 00:00:00-03:00;3,18;30,1;99806,0
2019-08-19 00:00:00-03:00;3,13;30,0;99469,0
2019-08-20 00:00:00-03:00;3,13;29,27;99222,0
2019-08-21 00:00:00-03:00;3,16;28,56;101202,0
2019-08-22 00:00:00-03:00;3,12;27,62;100011,0
2019-08-23 00:00:00-03:00;2,99;26,31;97667,0
2019-08-26 00:00:00-03:00;2,91;26,34;96430,0
2019-08-27 00:00:00-03:00;2,84;26,79;97276,0
2019-08-28 00:00:00-03:00;2,9;26,98;98194,0
2019-08-29 00:00:00-03:00;3,05;27,25;100524,0
2019-08-30 00:00:00-03:00;3,09;27,32;101135,0
2019-09-02 00:00:00-03:00;3,12;27,38;100626,0
2019-09-03 00:00:00-03:00;3,08;26,89;99681,0
2019-09-04 00:00:00-03:00;3,1;27,01;101201,0
2019-09-05 00:00:00-03:00;3,16;27,76;102243,0
2019-09-06 00:00:00-03:00;3,21;27,88;102935,0
2019-09-09 00:00:00-03:00;3,23;29,71;103181,0
2019-09-10 00:00:00-03:00;3,17;29,4;103032,0
2019-09-11 00:00:00-03:00;3,17;29,05;103446,0
2019-09-12 00:00:00-03:00;3,16;30,58;104371,0
2019-09-13 00:00:00-03:00;3,24;31,29;103501,0
2019-09-16 00:00:00-03:00;3,23;32,21;103680,0
2019-09-17 00:00:00-03:00;3,24;32,04;104617,0
2019-09-18 00:00:00-03:00;3,32;31,75;104532,0
2019-09-19 00:00:00-03:00;3,35;30,99;104339,0
2019-09-20 00:00:00-03:00;3,29;29,97;104817,0
2019-09-23 00:00:00-03:00;3,3;30,99;104638,0
2019-09-24 00:00:00-03:00;3,29;30,45;103876,0
2019-09-25 00:00:00-03:00;3,24;31,38;104481,0
2019-09-26 00:00:00-03:00;3,21;31,32;105319,0
2019-09-27 00:00:00-03:00;3,21;31,71;105078,0
2019-09-30 00:00:00-03:00;3,18;31,61;104745,0
2019-10-01 00:00:00-03:00;3,17;31,61;104053,0
2019-10-02 00:00:00-03:00;3,13;30,8;101031,0
2019-10-03 00:00:00-03:00;3,14;30,37;101516,0
2019-10-04 00:00:00-03:00;3,12;30,84;102551,0
2019-10-07 00:00:00-03:00;3,06;30,3;100573,0
2019-10-08 00:00:00-03:00;2,95;29,73;99981,0
2019-10-09 00:00:00-03:00;2,91;30,28;101249,0
2019-10-10 00:00:00-03:00;2,92;31,9;101817,0
2019-10-11 00:00:00-03:00;3,14;33,11;103832,0
2019-10-14 00:00:00-03:00;3,19;32,71;104302,0
2019-10-15 00:00:00-03:00;3,32;32,99;104490,0
2019-10-16 00:00:00-03:00;3,35;32,35;105423,0
2019-10-17 00:00:00-03:00;3,38;32,03;105016,0
2019-10-18 00:00:00-03:00;3,33;31,76;104729,0
2019-10-21 00:00:00-03:00;3,3;32,77;106022,0
2019-10-22 00:00:00-03:00;3,32;32,81;107381,0
2019-10-23 00:00:00-03:00;3,34;32,41;107544,0
2019-10-24 00:00:00-03:00;3,35;30,97;106986,0
2019-10-25 00:00:00-03:00;3,28;30,72;107364,0
2019-10-28 00:00:00-03:00;3,21;30,7;108187,0
2019-10-29 00:00:00-03:00;3,14;30,74;107556,0
2019-10-30 00:00:00-03:00;3,23;30,35;108408,0
2019-10-31 00:00:00-03:00;3,32;30,67;107220,0
2019-11-01 00:00:00-03:00;3,34;32,89;108196,0
2019-11-04 00:00:00-03:00;3,53;34,24;108601,0
2019-11-05 00:00:00-03:00;3,52;34,91;108451,0
2019-11-06 00:00:00-03:00;3,51;34,71;108336,0
2019-11-07 00:00:00-03:00;3,65;35,95;109581,0
2019-11-08 00:00:00-03:00;3,61;35,7;107629,0
2019-11-11 00:00:00-03:00;3,7;35,93;108215,0
2019-11-12 00:00:00-03:00;3,65;35,93;106785,0
2019-11-13 00:00:00-03:00;3,57;35,36;105914,0
2019-11-14 00:00:00-03:00;3,54;34,43;106557,0
2019-11-18 00:00:00-03:00;3,62;35,53;106347,0
2019-11-19 00:00:00-03:00;3,57;35,63;105618,0
2019-11-21 00:00:00-03:00;3,59;35,92;107497,0
2019-11-22 00:00:00-03:00;3,58;35,99;108692,0
2019-11-25 00:00:00-03:00;3,63;35,7;108424,0
2019-11-26 00:00:00-03:00;3,59;35,78;107059,0
2019-11-27 00:00:00-03:00;3,63;36,73;107708,0
2019-11-28 00:00:00-03:00;3,6;36,24;108290,0
2019-11-29 00:00:00-03:00;3,58;36,23;108233,0
2019-12-02 00:00:00-03:00;3,63;36,45;109061,0
2019-12-03 00:00:00-03:00;3,62;36,59;108956,0
2019-12-04 00:00:00-03:00;3,63;35,62;110301,0
2019-12-05 00:00:00-03:00;3,63;35,7;110622,0
2019-12-06 00:00:00-03:00;3,66;35,89;111126,0
2019-12-09 00:00:00-03:00;3,67;35,49;110977,0
2019-12-10 00:00:00-03:00;3,75;35,79;110672,0
2019-12-11 00:00:00-03:00;3,83;36,81;110964,0
2019-12-12 00:00:00-03:00;3,91;36,79;112200,0
2019-12-13 00:00:00-03:00;3,91;36,53;112565,0
2019-12-16 00:00:00-03:00;3,9;36,83;111896,0
2019-12-17 00:00:00-03:00;3,95;37,61;112616,0
2019-12-18 00:00:00-03:00;3,96;37,18;114315,0
2019-12-19 00:00:00-03:00;3,82;37,27;115131,0
2019-12-20 00:00:00-03:00;3,82;37,75;115121,0
2019-12-23 00:00:00-03:00;3,84;37,62;115863,0
2019-12-26 00:00:00-03:00;3,9;38,26;117203,0
2019-12-27 00:00:00-03:00;3,9;37,58;116534,0
2019-12-30 00:00:00-03:00;3,89;37,28;115964,0
2020-01-02 00:00:00-03:00;3,96;38,32;118573,0
2020-01-03 00:00:00-03:00;3,97;38,19;117707,0
2020-01-06 00:00:00-03:00;3,97;38,13;116878,0
2020-01-07 00:00:00-03:00;3,97;38,61;116662,0
2020-01-08 00:00:00-03:00;3,9;40,54;116247,0
2020-01-09 00:00:00-03:00;3,9;40,44;115947,0
2020-01-10 00:00:00-03:00;3,9;40,5;115503,0
2020-01-13 00:00:00-03:00;3,98;42,0;117325,0
2020-01-14 00:00:00-03:00;3,96;41,57;117632,0
2020-01-15 00:00:00-03:00;3,95;42,22;116414,0
2020-01-16 00:00:00-03:00;3,92;41,62;116704,0
2020-01-17 00:00:00-03:00;4,01;41,13;118478,0
2020-01-20 00:00:00-03:00;4,0;40,35;118862,0
2020-01-21 00:00:00-03:00;3,97;40,12;117026,0
2020-01-22 00:00:00-03:00;4,05;42,14;118391,0
2020-01-23 00:00:00-03:00;4,08;41,76;119528,0
2020-01-24 00:00:00-03:00;4,05;41,22;118376,0
2020-01-27 00:00:00-03:00;3,92;38,45;114482,0
2020-01-28 00:00:00-03:00;3,92;39,13;116479,0
2020-01-29 00:00:00-03:00;3,92;38,54;115385,0
2020-01-30 00:00:00-03:00;3,79;38,06;115528,0
2020-01-31 00:00:00-03:00;3,88;37,27;113761,0
2020-02-03 00:00:00-03:00;3,92;37,11;114629,0
2020-02-04 00:00:00-03:00;3,9;36,54;115557,0
2020-02-05 00:00:00-03:00;3,89;36,08;116028,0
2020-02-06 00:00:00-03:00;3,9;36,55;115190,0
2020-02-07 00:00:00-03:00;3,8;35,36;113770,0
2020-02-10 00:00:00-03:00;3,7;34,76;112570,0
2020-02-11 00:00:00-03:00;3,84;36,16;115371,0
2020-02-12 00:00:00-03:00;4,01;37,58;116674,0
2020-02-13 00:00:00-03:00;3,97;38,8;115662,0
2020-02-14 00:00:00-03:00;3,93;37,4;114381,0
2020-02-17 00:00:00-03:00;3,91;37,58;115309,0
2020-02-18 00:00:00-03:00;3,84;37,67;114977,0
2020-02-19 00:00:00-03:00;3,88;37,74;116518,0
2020-02-20 00:00:00-03:00;3,87;37,76;114586,0
2020-02-21 00:00:00-03:00;3,98;38,91;113681,0
2020-02-26 00:00:00-03:00;3,71;36,27;105718,0
2020-02-27 00:00:00-03:00;3,56;35,82;102984,0
2020-02-28 00:00:00-03:00;3,54;35,83;104172,0
2020-03-02 00:00:00-03:00;3,73;37,25;106625,0
2020-03-03 00:00:00-03:00;3,83;37,52;105537,0
2020-03-04 00:00:00-03:00;4,06;40,91;107224,0
2020-03-05 00:00:00-03:00;3,94;40,04;102233,0
2020-03-06 00:00:00-03:00;3,78;37,61;97997,0
2020-03-09 00:00:00-03:00;3,6;35,65;86067,0
2020-03-10 00:00:00-03:00;3,59;36,51;92214,0
2020-03-11 00:00:00-03:00;3,31;33,31;85171,0
2020-03-12 00:00:00-03:00;2,89;27,94;72583,0
2020-03-13 00:00:00-03:00;2,96;29,67;82678,0
2020-03-16 00:00:00-03:00;2,62;26,65;71168,0
2020-03-17 00:00:00-03:00;2,6;26,31;74617,0
2020-03-18 00:00:00-03:00;2,36;23,13;66895,0
2020-03-19 00:00:00-03:00;2,68;25,68;68332,0
2020-03-20 00:00:00-03:00;2,51;25,73;67069,0
2020-03-23 00:00:00-03:00;2,6;27,06;63570,0
2020-03-24 00:00:00-03:00;2,56;27,15;69729,0
2020-03-25 00:00:00-03:00;2,6;27,57;74956,0
2020-03-26 00:00:00-03:00;2,6;26,35;77710,0
2020-03-27 00:00:00-03:00;2,75;30,88;73429,0
2020-03-30 00:00:00-03:00;2,89;31,93;74640,0
2020-03-31 00:00:00-03:00;3,02;33,63;73020,0
2020-04-01 00:00:00-03:00;2,97;35,12;70967,0
2020-04-02 00:00:00-03:00;3,2;37,49;72253,0
2020-04-03 00:00:00-03:00;3,13;37,39;69538,0
2020-04-06 00:00:00-03:00;3,2;37,6;74073,0
2020-04-07 00:00:00-03:00;3,09;34,94;76358,0
2020-04-08 00:00:00-03:00;3,11;35,66;78625,0
2020-04-09 00:00:00-03:00;3,05;33,26;77682,0
2020-04-13 00:00:00-03:00;3,12;34,17;78836,0
2020-04-14 00:00:00-03:00;3,11;35,7;79918,0
2020-04-15 00:00:00-03:00;3,02;34,98;78831,0
2020-04-16 00:00:00-03:00;2,99;33,99;77812,0
2020-04-17 00:00:00-03:00;2,97;33,67;78990,0
2020-04-20 00:00:00-03:00;3,0;32,81;78973,0
2020-04-22 00:00:00-03:00;3,12;33,08;80687,0
2020-04-23 00:00:00-03:00;3,21;34,35;79673,0
2020-04-24 00:00:00-03:00;3,28;36,76;75331,0
2020-04-27 00:00:00-03:00;3,29;37,67;78239,0
2020-04-28 00:00:00-03:00;3,3;36,31;81312,0
2020-04-29 00:00:00-03:00;3,3;36,38;83171,0
2020-04-30 00:00:00-03:00;3,39;37,03;80506,0
2020-05-04 00:00:00-03:00;3,32;38,05;78876,0
2020-05-05 00:00:00-03:00;3,53;39,08;79471,0
2020-05-06 00:00:00-03:00;3,51;39,34;79064,0
2020-05-07 00:00:00-03:00;3,82;42,29;78119,0
2020-05-08 00:00:00-03:00;4,01;44,49;80263,0
2020-05-11 00:00:00-03:00;4,05;44,72;79065,0
2020-05-12 00:00:00-03:00;3,99;45,61;77872,0
2020-05-13 00:00:00-03:00;4,33;47,53;77772,0
2020-05-14 00:00:00-03:00;4,24;44,66;79011,0
2020-05-15 00:00:00-03:00;4,02;42,31;77557,0
2020-05-18 00:00:00-03:00;3,77;38,69;81194,0
2020-05-19 00:00:00-03:00;3,77;39,23;80742,0
2020-05-20 00:00:00-03:00;3,72;37,82;81319,0
2020-05-21 00:00:00-03:00;3,61;36,15;83027,0
2020-05-22 00:00:00-03:00;3,62;36,27;82173,0
2020-05-25 00:00:00-03:00;3,6;35,42;85663,0
2020-05-26 00:00:00-03:00;3,59;35,59;85469,0
2020-05-27 00:00:00-03:00;3,72;36,09;87946,0
2020-05-28 00:00:00-03:00;3,67;36,04;86949,0
2020-05-29 00:00:00-03:00;3,7;35,57;87403,0
2020-06-01 00:00:00-03:00;3,74;36,12;88620,0
2020-06-02 00:00:00-03:00;3,72;36,1;91046,0
2020-06-03 00:00:00-03:00;3,66;35,82;93002,0
2020-06-04 00:00:00-03:00;3,69;37,44;93829,0
2020-06-05 00:00:00-03:00;3,61;35,98;94637,0
2020-06-08 00:00:00-03:00;3,65;35,85;97645,0
2020-06-09 00:00:00-03:00;3,65;35,86;96747,0
2020-06-10 00:00:00-03:00;3,64;35,82;94686,0
2020-06-12 00:00:00-03:00;3,58;34,77;92795,0
2020-06-15 00:00:00-03:00;3,58;36,16;92376,0
2020-06-16 00:00:00-03:00;3,57;35,8;93531,0
2020-06-17 00:00:00-03:00;3,62;36,55;95547,0
2020-06-18 00:00:00-03:00;3,74;37,16;96125,0
2020-06-19 00:00:00-03:00;3,82;37,11;96572,0
2020-06-22 00:00:00-03:00;3,84;36,63;95336,0
2020-06-23 00:00:00-03:00;3,74;35,74;95975,0
2020-06-24 00:00:00-03:00;3,83;36,27;94377,0
2020-06-25 00:00:00-03:00;3,84;35,78;95983,0
2020-06-26 00:00:00-03:00;3,9;35,59;93834,0
2020-06-29 00:00:00-03:00;3,74;35,45;95735,0
2020-06-30 00:00:00-03:00;3,81;34,56;95056,0
2020-07-01 00:00:00-03:00;3,9;34,89;96203,0
2020-07-02 00:00:00-03:00;3,86;34,59;96235,0
2020-07-03 00:00:00-03:00;3,91;35,02;96765,0
2020-07-06 00:00:00-03:00;3,86;34,67;98937,0
2020-07-07 00:00:00-03:00;3,83;34,0;97761,0
2020-07-08 00:00:00-03:00;3,93;33,96;99770,0
2020-07-09 00:00:00-03:00;3,87;34,26;99160,0
2020-07-10 00:00:00-03:00;3,82;34,46;100032,0
2020-07-13 00:00:00-03:00;3,73;33,88;98697,0
2020-07-14 00:00:00-03:00;3,84;34,44;100440,0
2020-07-15 00:00:00-03:00;3,88;36,5;101791,0
2020-07-16 00:00:00-03:00;3,84;36,39;100553,0
2020-07-17 00:00:00-03:00;3,9;37,44;102888,0
2020-07-20 00:00:00-03:00;3,96;37,81;104426,0
2020-07-21 00:00:00-03:00;3,94;38,05;104310,0
2020-07-22 00:00:00-03:00;3,96;37,11;104290,0
2020-07-23 00:00:00-03:00;3,98;38,28;102293,0
2020-07-24 00:00:00-03:00;4,02;39,74;102382,0
2020-07-27 00:00:00-03:00;4,0;39,15;104477,0
2020-07-28 00:00:00-03:00;3,99;39,46;104109,0
2020-07-29 00:00:00-03:00;3,95;38,98;105605,0
2020-07-30 00:00:00-03:00;3,96;39,67;105009,0
2020-07-31 00:00:00-03:00;3,84;39,46;102912,0
2020-08-03 00:00:00-03:00;3,91;40,48;102830,0
2020-08-04 00:00:00-03:00;3,93;39,53;101216,0
2020-08-05 00:00:00-03:00;4,23;42,54;102802,0
2020-08-06 00:00:00-03:00;4,32;43,52;104126,0
2020-08-07 00:00:00-03:00;4,3;43,39;102776,0
2020-08-10 00:00:00-03:00;4,34;44,5;103444,0
2020-08-11 00:00:00-03:00;4,47;44,06;102174,0
2020-08-12 00:00:00-03:00;4,55;44,37;102118,0
2020-08-13 00:00:00-03:00;4,66;44,79;100461,0
2020-08-14 00:00:00-03:00;4,74;47,44;101353,0
2020-08-17 00:00:00-03:00;4,81;47,9;99595,0
2020-08-18 00:00:00-03:00;5,09;48,85;102065,0
2020-08-19 00:00:00-03:00;5,3;47,57;100854,0
2020-08-20 00:00:00-03:00;5,16;49,09;101468,0
2020-08-21 00:00:00-03:00;5,18;49,0;101521,0
2020-08-24 00:00:00-03:00;5,11;49,0;102298,0
2020-08-25 00:00:00-03:00;5,04;48,01;102118,0
2020-08-26 00:00:00-03:00;5,07;48,63;100627,0
2020-08-27 00:00:00-03:00;5,03;48,31;100624,0
2020-08-28 00:00:00-03:00;5,05;47,91;102143,0
2020-08-31 00:00:00-03:00;4,93;47,16;99369,0
2020-09-01 00:00:00-03:00;5,1;48,03;102168,0
2020-09-02 00:00:00-03:00;4,97;46,05;101911,0
2020-09-03 00:00:00-03:00;4,89;45,1;100721,0
2020-09-04 00:00:00-03:00;4,93;44,66;101242,0
2020-09-08 00:00:00-03:00;4,77;43,95;100050,0
2020-09-09 00:00:00-03:00;4,8;44,2;101292,0
2020-09-10 00:00:00-03:00;4,83;43,55;98835,0
2020-09-11 00:00:00-03:00;4,7;42,84;98363,0
2020-09-14 00:00:00-03:00;4,72;43,33;100275,0
2020-09-15 00:00:00-03:00;4,9;45,93;100298,0
2020-09-16 00:00:00-03:00;4,82;44,7;99676,0
2020-09-17 00:00:00-03:00;4,89;46,05;100098,0
2020-09-18 00:00:00-03:00;4,88;47,02;98290,0
2020-09-21 00:00:00-03:00;4,67;45,59;96991,0
2020-09-22 00:00:00-03:00;4,63;44,5;97294,0
2020-09-23 00:00:00-03:00;4,61;43,81;95735,0
2020-09-24 00:00:00-03:00;4,58;43,22;97012,0
2020-09-25 00:00:00-03:00;4,79;45,23;96999,0
2020-09-28 00:00:00-03:00;4,61;44,72;94666,0
2020-09-29 00:00:00-03:00;4,62;44,22;93580,0
2020-09-30 00:00:00-03:00;4,61;42,79;94603,0
2020-10-01 00:00:00-03:00;4,68;43,69;95479,0
2020-10-02 00:00:00-03:00;4,54;43,53;94016,0
2020-10-05 00:00:00-03:00;4,62;44,53;96089,0
2020-10-06 00:00:00-03:00;4,56;45,04;95615,0
2020-10-07 00:00:00-03:00;4,6;45,46;95526,0
2020-10-08 00:00:00-03:00;4,71;46,29;97920,0
2020-10-09 00:00:00-03:00;4,58;45,99;97483,0
2020-10-13 00:00:00-03:00;4,73;45,99;98503,0
2020-10-14 00:00:00-03:00;4,73;45,27;99334,0
2020-10-15 00:00:00-03:00;4,73;45,43;99054,0
2020-10-16 00:00:00-03:00;4,84;47,53;98309,0
2020-10-19 00:00:00-03:00;4,68;47,08;98658,0
2020-10-20 00:00:00-03:00;4,77;47,62;100540,0
2020-10-21 00:00:00-03:00;4,68;46,99;100552,0
2020-10-22 00:00:00-03:00;4,72;48,48;101918,0
2020-10-23 00:00:00-03:00;4,71;48,11;101260,0
2020-10-26 00:00:00-03:00;4,67;47,91;101017,0
2020-10-27 00:00:00-03:00;4,6;47,07;99606,0
2020-10-28 00:00:00-03:00;4,35;45,58;95369,0
2020-10-29 00:00:00-03:00;4,41;47,14;96582,0
2020-10-30 00:00:00-03:00;4,39;47,02;93952,0
2020-11-03 00:00:00-03:00;4,42;49,49;95587,0
2020-11-04 00:00:00-03:00;4,45;48,51;97811,0
2020-11-05 00:00:00-03:00;4,46;48,2;100774,0
2020-11-06 00:00:00-03:00;4,37;46,88;100799,0
2020-11-09 00:00:00-03:00;4,34;45,74;103913,0
2020-11-10 00:00:00-03:00;4,26;45,07;105351,0
2020-11-11 00:00:00-03:00;4,25;45,43;104532,0
2020-11-12 00:00:00-03:00;4,33;45,63;102175,0
2020-11-13 00:00:00-03:00;4,47;48,8;104512,0
2020-11-16 00:00:00-03:00;4,43;49,88;106430,0
2020-11-17 00:00:00-03:00;4,32;48,2;107229,0
2020-11-18 00:00:00-03:00;4,37;47,67;106483,0
2020-11-19 00:00:00-03:00;4,26;47,17;106517,0
2020-11-23 00:00:00-03:00;4,33;47,56;107379,0
2020-11-24 00:00:00-03:00;4,32;47,07;109786,0
2020-11-25 00:00:00-03:00;4,28;47,47;110133,0
2020-11-26 00:00:00-03:00;4,42;50,17;110227,0
2020-11-27 00:00:00-03:00;4,59;52,17;110575,0
2020-11-30 00:00:00-03:00;4,63;53,08;108888,0
2020-12-01 00:00:00-03:00;4,73;53,98;111335,0
2020-12-02 00:00:00-03:00;4,58;51,28;111814,0
2020-12-03 00:00:00-03:00;4,46;48,84;112919,0
2020-12-04 00:00:00-03:00;4,48;49,61;113682,0
2020-12-07 00:00:00-03:00;4,43;49,56;113625,0
2020-12-08 00:00:00-03:00;4,43;49,63;113571,0
2020-12-09 00:00:00-03:00;4,38;49,31;112722,0
2020-12-10 00:00:00-03:00;4,4;47,49;114992,0
2020-12-11 00:00:00-03:00;4,43;48,31;115323,0
2020-12-14 00:00:00-03:00;4,43;48,54;114975,0
2020-12-15 00:00:00-03:00;4,51;50,26;116146,0
2020-12-16 00:00:00-03:00;4,58;51,08;117947,0
2020-12-17 00:00:00-03:00;4,58;51,64;118157,0
2020-12-18 00:00:00-03:00;4,72;53,02;117679,0
2020-12-21 00:00:00-03:00;4,65;51,88;116016,0
2020-12-22 00:00:00-03:00;4,77;54,19;116348,0
2020-12-23 00:00:00-03:00;4,67;52,96;117857,0
2020-12-28 00:00:00-03:00;4,65;53,7;119051,0
2020-12-29 00:00:00-03:00;4,76;53,75;119475,0
2020-12-30 00:00:00-03:00;4,92;55,0;119306,0
2021-01-04 00:00:00-03:00;4,87;55,35;118558,0
2021-01-05 00:00:00-03:00;4,87;55,09;119223,0
2021-01-06 00:00:00-03:00;4,93;54,09;119851,0
2021-01-07 00:00:00-03:00;5,14;58,71;121956,0
2021-01-08 00:00:00-03:00;5,4;58,98;125077,0
2021-01-11 00:00:00-03:00;5,51;57,6;122807,0
2021-01-12 00:00:00-03:00;5,72;57,53;123998,0
2021-01-13 00:00:00-03:00;5,6;56,37;122040,0
2021-01-14 00:00:00-03:00;5,61;56,05;123481,0
2021-01-15 00:00:00-03:00;5,8;57,45;120502,0
2021-01-18 00:00:00-03:00;5,7;59,46;121242,0
2021-01-19 00:00:00-03:00;5,67;61,27;120673,0
2021-01-20 00:00:00-03:00;5,73;61,91;119708,0
2021-01-21 00:00:00-03:00;5,48;61,47;118443,0
2021-01-22 00:00:00-03:00;5,39;60,47;117172,0
2021-01-26 00:00:00-03:00;5,42;62,2;116464,0
2021-01-27 00:00:00-03:00;5,35;58,48;115882,0
2021-01-28 00:00:00-03:00;5,55;59,12;119314,0
2021-01-29 00:00:00-03:00;5,5;58,3;116007,0
2021-02-01 00:00:00-03:00;5,65;60,34;117365,0
2021-02-02 00:00:00-03:00;5,64;59,26;118234,0
2021-02-03 00:00:00-03:00;5,56;59,99;119725,0
2021-02-04 00:00:00-03:00;5,56;60,75;119261,0
2021-02-05 00:00:00-03:00;5,55;62,48;119925,0
2021-02-08 00:00:00-03:00;5,52;61,98;119516,0
2021-02-09 00:00:00-03:00;5,55;62,67;119429,0
2021-02-10 00:00:00-03:00;5,56;64,07;118430,0
2021-02-11 00:00:00-03:00;5,58;66,39;119235,0
2021-02-12 00:00:00-03:00;5,6;66,44;119116,0
2021-02-17 00:00:00-03:00;5,69;68,01;120391,0
2021-02-18 00:00:00-03:00;5,66;69,56;119140,0
2021-02-19 00:00:00-03:00;5,89;70,49;118748,0
2021-02-22 00:00:00-03:00;6,06;72,23;112668,0
2021-02-23 00:00:00-03:00;5,96;71,98;115227,0
2021-02-24 00:00:00-03:00;6,02;71,18;115668,0
2021-02-25 00:00:00-03:00;5,84;69,63;112256,0
2021-02-26 00:00:00-03:00;5,72;68,74;110035,0
2021-03-01 00:00:00-03:00;5,67;69,98;110335,0
2021-03-02 00:00:00-03:00;5,54;69,08;111540,0
2021-03-03 00:00:00-03:00;5,55;69,05;111184,0
2021-03-04 00:00:00-03:00;5,53;69,15;112690,0
2021-03-05 00:00:00-03:00;5,68;71,5;115202,0
2021-03-08 00:00:00-03:00;5,5;70,81;110612,0
2021-03-09 00:00:00-03:00;5,63;74,39;111331,0
2021-03-10 00:00:00-03:00;5,46;70,33;112776,0
2021-03-11 00:00:00-03:00;5,35;69,67;114984,0
2021-03-12 00:00:00-03:00;5,33;69,76;114160,0
2021-03-15 00:00:00-03:00;5,21;68,44;114851,0
2021-03-16 00:00:00-03:00;5,45;70,7;114019,0
2021-03-17 00:00:00-03:00;5,42;71,92;116549,0
2021-03-18 00:00:00-03:00;5,28;70,75;114835,0
2021-03-19 00:00:00-03:00;5,21;69,52;116222,0
2021-03-22 00:00:00-03:00;5,22;68,03;114979,0
2021-03-23 00:00:00-03:00;5,3;67,43;113262,0
2021-03-24 00:00:00-03:00;5,34;69,2;112064,0
2021-03-25 00:00:00-03:00;5,28;68,77;113750,0
2021-03-26 00:00:00-03:00;5,38;68,19;114781,0
2021-03-29 00:00:00-03:00;5,39;68,62;115419,0
2021-03-30 00:00:00-03:00;5,32;66,35;116850,0
2021-03-31 00:00:00-03:00;5,21;64,4;116634,0
2021-04-01 00:00:00-03:00;5,22;65,06;115253,0
2021-04-05 00:00:00-03:00;5,25;65,06;117518,0
2021-04-06 00:00:00-03:00;5,31;66,0;117499,0
2021-04-07 00:00:00-03:00;5,32;65,62;117624,0
2021-04-08 00:00:00-03:00;5,39;66,17;118313,0
2021-04-09 00:00:00-03:00;5,46;67,06;117670,0
2021-04-12 00:00:00-03:00;5,63;67,64;118812,0
2021-04-13 00:00:00-03:00;5,64;68,02;119297,0
2021-04-14 00:00:00-03:00;5,6;67,03;120295,0
2021-04-15 00:00:00-03:00;5,72;67,74;120701,0
2021-04-16 00:00:00-03:00;5,58;66,82;121114,0
2021-04-19 00:00:00-03:00;5,61;67,74;120934,0
2021-04-20 00:00:00-03:00;5,61;67,92;120062,0
2021-04-22 00:00:00-03:00;5,53;65,34;119371,0
2021-04-23 00:00:00-03:00;5,44;65,81;120530,0
2021-04-26 00:00:00-03:00;5,49;65,16;120595,0
2021-04-27 00:00:00-03:00;5,53;66,58;119388,0
2021-04-28 00:00:00-03:00;5,34;63,45;121053,0
2021-04-29 00:00:00-03:00;5,35;63,55;120066,0
2021-04-30 00:00:00-03:00;5,3;64,52;118894,0
2021-05-03 00:00:00-03:00;5,25;63,6;119209,0
2021-05-04 00:00:00-03:00;5,18;63,52;117712,0
2021-05-05 00:00:00-03:00;5,26;63,58;119564,0
2021-05-06 00:00:00-03:00;5,3;63,38;119921,0
2021-05-07 00:00:00-03:00;5,33;63,34;122038,0
2021-05-10 00:00:00-03:00;5,32;64,33;121909,0
2021-05-11 00:00:00-03:00;5,42;64,19;122964,0
2021-05-12 00:00:00-03:00;5,3;64,28;119710,0
2021-05-13 00:00:00-03:00;5,47;62,77;120706,0
2021-05-14 00:00:00-03:00;5,3;61,21;121881,0
2021-05-17 00:00:00-03:00;5,3;62,5;122938,0
2021-05-18 00:00:00-03:00;5,3;62,44;122980,0
2021-05-19 00:00:00-03:00;5,24;61,95;122636,0
2021-05-20 00:00:00-03:00;5,14;59,36;122701,0
2021-05-21 00:00:00-03:00;5,11;60,93;122592,0
2021-05-24 00:00:00-03:00;5,14;60,41;124032,0
2021-05-25 00:00:00-03:00;5,12;60,75;122988,0
2021-05-26 00:00:00-03:00;5,19;58,46;123989,0
2021-05-27 00:00:00-03:00;5,35;58,81;124367,0
2021-05-28 00:00:00-03:00;5,25;57,82;125561,0
2021-05-31 00:00:00-03:00;5,27;57,06;126216,0
2021-06-01 00:00:00-03:00;5,17;55,73;128267,0
2021-06-02 00:00:00-03:00;5,1;55,69;129601,0
2021-06-04 00:00:00-03:00;5,07;55,06;130126,0
2021-06-07 00:00:00-03:00;5,07;55,9;130776,0
2021-06-08 00:00:00-03:00;5,09;54,57;129787,0
2021-06-09 00:00:00-03:00;5,21;56,09;129907,0
2021-06-10 00:00:00-03:00;5,23;55,15;130076,0
2021-06-11 00:00:00-03:00;5,35;55,39;129441,0
2021-06-14 00:00:00-03:00;5,27;54,92;130208,0
2021-06-15 00:00:00-03:00;5,26;54,65;130091,0
2021-06-16 00:00:00-03:00;5,17;54,57;129259,0
2021-06-17 00:00:00-03:00;5,16;52,95;128057,0
2021-06-18 00:00:00-03:00;5,21;53,55;128405,0
2021-06-21 00:00:00-03:00;5,4;54,96;129265,0
2021-06-22 00:00:00-03:00;5,53;55,15;128767,0
2021-06-23 00:00:00-03:00;5,44;54,59;128428,0
2021-06-24 00:00:00-03:00;5,54;56,23;129514,0
2021-06-25 00:00:00-03:00;5,53;54,88;127256,0
2021-06-28 00:00:00-03:00;5,65;55,99;127429,0
2021-06-29 00:00:00-03:00;5,73;56,61;127327,0
2021-06-30 00:00:00-03:00;5,65;56,19;126802,0
2021-07-01 00:00:00-03:00;5,62;56,68;125666,0
2021-07-02 00:00:00-03:00;5,69;55,62;127622,0
2021-07-05 00:00:00-03:00;5,58;55,9;126920,0
2021-07-06 00:00:00-03:00;5,66;55,78;125095,0
2021-07-07 00:00:00-03:00;5,84;57,26;127019,0
2021-07-08 00:00:00-03:00;5,74;57,29;125428,0
2021-07-12 00:00:00-03:00;5,94;56,79;127594,0
2021-07-13 00:00:00-03:00;6,0;55,87;128168,0
2021-07-14 00:00:00-03:00;5,96;55,22;128407,0
2021-07-15 00:00:00-03:00;5,74;53,87;127468,0
2021-07-16 00:00:00-03:00;5,55;52,94;125960,0
2021-07-19 00:00:00-03:00;5,53;52,48;124395,0
2021-07-20 00:00:00-03:00;5,55;53,18;125401,0
2021-07-21 00:00:00-03:00;5,52;53,28;125929,0
2021-07-22 00:00:00-03:00;5,51;53,55;126147,0
2021-07-23 00:00:00-03:00;5,42;52,95;125053,0
2021-07-26 00:00:00-03:00;5,48;53,21;126004,0
2021-07-27 00:00:00-03:00;5,36;52,7;124612,0
2021-07-28 00:00:00-03:00;5,35;52,35;126286,0
2021-07-29 00:00:00-03:00;5,36;52,38;125675,0
2021-07-30 00:00:00-03:00;5,26;50,8;121801,0
2021-08-02 00:00:00-03:00;5,14;51,22;122516,0
2021-08-03 00:00:00-03:00;5,11;51,63;123577,0
2021-08-04 00:00:00-03:00;5,19;51,77;121801,0
2021-08-05 00:00:00-03:00;5,27;51,27;121633,0
2021-08-06 00:00:00-03:00;5,21;51,02;122810,0
2021-08-09 00:00:00-03:00;5,42;52,96;123019,0
2021-08-10 00:00:00-03:00;5,42;53,39;122202,0
2021-08-11 00:00:00-03:00;5,43;53,08;122056,0
2021-08-12 00:00:00-03:00;5,37;52,34;120701,0
2021-08-13 00:00:00-03:00;5,5;53,37;121194,0
2021-08-16 00:00:00-03:00;5,44;54,22;119180,0
2021-08-17 00:00:00-03:00;5,53;53,83;117904,0
2021-08-18 00:00:00-03:00;5,34;52,73;116643,0
2021-08-19 00:00:00-03:00;5,3;52,31;117165,0
2021-08-20 00:00:00-03:00;5,4;53,41;118053,0
2021-08-23 00:00:00-03:00;5,45;54,0;117472,0
2021-08-24 00:00:00-03:00;5,57;55,48;120211,0
2021-08-25 00:00:00-03:00;5,84;58,49;120818,0
2021-08-26 00:00:00-03:00;5,84;57,96;118724,0
2021-08-27 00:00:00-03:00;5,94;58,16;120678,0
2021-08-30 00:00:00-03:00;5,92;57,8;119740,0
2021-08-31 00:00:00-03:00;5,74;57,31;118781,0
2021-09-01 00:00:00-03:00;5,84;57,5;119396,0
2021-09-02 00:00:00-03:00;5,55;57,07;116677,0
2021-09-03 00:00:00-03:00;5,61;57,98;116933,0
2021-09-06 00:00:00-03:00;5,64;57,76;117869,0
2021-09-08 00:00:00-03:00;5,64;58,8;113413,0
2021-09-09 00:00:00-03:00;5,84;58,48;115361,0
2021-09-10 00:00:00-03:00;5,73;56,99;114286,0
2021-09-13 00:00:00-03:00;5,74;56,3;116404,0
2021-09-14 00:00:00-03:00;5,79;56,42;116181,0
2021-09-15 00:00:00-03:00;5,57;54,6;115063,0
2021-09-16 00:00:00-03:00;5,42;51,47;113794,0
2021-09-17 00:00:00-03:00;5,34;49,43;111439,0
2021-09-20 00:00:00-03:00;5,3;48,25;108844,0
2021-09-21 00:00:00-03:00;5,26;48,81;110250,0
2021-09-22 00:00:00-03:00;5,34;50,58;112282,0
2021-09-23 00:00:00-03:00;5,59;52,45;114064,0
2021-09-24 00:00:00-03:00;5,53;52,14;113283,0
2021-09-27 00:00:00-03:00;5,42;51,66;113583,0
2021-09-28 00:00:00-03:00;5,33;50,31;110124,0
2021-09-29 00:00:00-03:00;5,43;50,73;111107,0
2021-09-30 00:00:00-03:00;5,56;51,22;110979,0
2021-10-01 00:00:00-03:00;5,42;49,3;112900,0
2021-10-04 00:00:00-03:00;5,44;48,22;110393,0
2021-10-05 00:00:00-03:00;5,4;47,3;110458,0
2021-10-06 00:00:00-03:00;5,22;46,68;110560,0
2021-10-07 00:00:00-03:00;5,21;46,44;110585,0
2021-10-08 00:00:00-03:00;5,21;46,33;112833,0
2021-10-11 00:00:00-03:00;5,23;47,16;112180,0
2021-10-13 00:00:00-03:00;5,31;47,91;113456,0
2021-10-14 00:00:00-03:00;5,26;46,84;113185,0
2021-10-15 00:00:00-03:00;5,3;47,83;114648,0
2021-10-18 00:00:00-03:00;5,3;46,79;114428,0
2021-10-19 00:00:00-03:00;5,16;45,78;110673,0
2021-10-20 00:00:00-03:00;5,16;45,58;110786,0
2021-10-21 00:00:00-03:00;5,23;46,22;107735,0
2021-10-22 00:00:00-03:00;5,43;49,61;106296,0
2021-10-25 00:00:00-03:00;5,29;48,36;108715,0
2021-10-26 00:00:00-03:00;5,37;47,4;106420,0
2021-10-27 00:00:00-03:00;5,16;45,45;106363,0
2021-10-28 00:00:00-03:00;5,17;45,95;105705,0
2021-10-29 00:00:00-03:00;5,1;46,25;103501,0
2021-11-01 00:00:00-03:00;4,99;45,95;105551,0
2021-11-03 00:00:00-03:00;5,1;46,76;105617,0
2021-11-04 00:00:00-03:00;4,98;46,32;103412,0
2021-11-05 00:00:00-03:00;5,09;46,36;104824,0
2021-11-08 00:00:00-03:00;5,08;46,62;104781,0
2021-11-09 00:00:00-03:00;5,05;46,04;105535,0
2021-11-10 00:00:00-03:00;5,06;45,8;105968,0
2021-11-11 00:00:00-03:00;5,38;47,62;107725,0
2021-11-12 00:00:00-03:00;5,29;48,26;106312,0
2021-11-16 00:00:00-03:00;5,34;49,95;104508,0
2021-11-17 00:00:00-03:00;5,37;49,24;102945,0
2021-11-18 00:00:00-03:00;5,36;49,03;102524,0
2021-11-19 00:00:00-03:00;5,48;50,34;103035,0
2021-11-22 00:00:00-03:00;5,43;49,29;102122,0
2021-11-23 00:00:00-03:00;5,37;49,94;103663,0
2021-11-24 00:00:00-03:00;5,53;51,22;104514,0
2021-11-25 00:00:00-03:00;5,52;51,42;105811,0
2021-11-26 00:00:00-03:00;5,52;51,49;102224,0
2021-11-29 00:00:00-03:00;5,54;52,3;102814,0
2021-11-30 00:00:00-03:00;5,52;52,76;101915,0
2021-12-01 00:00:00-03:00;5,64;54,54;100775,0
2021-12-02 00:00:00-03:00;5,66;54,49;104466,0
2021-12-03 00:00:00-03:00;5,61;53,65;105070,0
2021-12-06 00:00:00-03:00;5,78;54,37;106859,0
2021-12-07 00:00:00-03:00;5,71;54,79;107558,0
2021-12-08 00:00:00-03:00;5,71;55,1;108096,0
2021-12-09 00:00:00-03:00;5,76;54,41;106291,0
2021-12-10 00:00:00-03:00;5,77;54,96;107758,0
2021-12-13 00:00:00-03:00;5,78;54,23;107383,0
2021-12-14 00:00:00-03:00;5,83;54,35;106760,0
2021-12-15 00:00:00-03:00;5,78;55,21;107370,0
2021-12-16 00:00:00-03:00;6,01;56,66;108212,0
2021-12-17 00:00:00-03:00;5,91;57,79;107201,0
2021-12-20 00:00:00-03:00;5,99;56,27;105020,0
2021-12-21 00:00:00-03:00;5,95;56,36;105500,0
2021-12-22 00:00:00-03:00;5,92;56,02;105244,0
2021-12-23 00:00:00-03:00;5,61;56,55;104891,0
2021-12-27 00:00:00-03:00;5,66;56,69;105531,0
2021-12-28 00:00:00-03:00;5,51;56,05;104864,0
2021-12-29 00:00:00-03:00;5,27;55,47;104107,0
2021-12-30 00:00:00-03:00;5,21;56,47;104822,0
2022-01-03 00:00:00-03:00;5,29;55,99;103922,0
2022-01-04 00:00:00-03:00;5,55;57,21;103514,0
2022-01-05 00:00:00-03:00;5,52;56,56;101006,0
2022-01-06 00:00:00-03:00;5,56;56,11;101561,0
2022-01-07 00:00:00-03:00;5,47;55,73;102719,0
2022-01-10 00:00:00-03:00;5,47;55,6;101945,0
2022-01-11 00:00:00-03:00;5,39;55,93;103779,0
2022-01-12 00:00:00-03:00;5,41;57,89;105686,0
2022-01-13 00:00:00-03:00;5,53;58,75;105530,0
2022-01-14 00:00:00-03:00;5,46;58,97;106928,0
2022-01-17 00:00:00-03:00;5,31;58,28;106692,0
2022-01-18 00:00:00-03:00;5,45;59,05;106522,0
2022-01-19 00:00:00-03:00;5,51;58,8;108013,0
2022-01-20 00:00:00-03:00;5,52;57,34;109102,0
2022-01-21 00:00:00-03:00;5,38;56,65;108942,0
2022-01-24 00:00:00-03:00;5,22;55,35;107752,0
2022-01-25 00:00:00-03:00;5,18;53,92;109845,0
2022-01-26 00:00:00-03:00;5,19;52,9;111573,0
2022-01-27 00:00:00-03:00;5,27;55,61;112315,0
2022-01-28 00:00:00-03:00;5,3;56,38;111478,0
2022-01-31 00:00:00-03:00;5,31;56,28;112388,0
2022-02-01 00:00:00-03:00;5,3;56,7;113147,0
2022-02-02 00:00:00-03:00;5,3;56,35;112161,0
2022-02-03 00:00:00-03:00;5,36;56,16;111696,0
2022-02-04 00:00:00-03:00;5,43;57,59;112245,0
2022-02-07 00:00:00-03:00;5,38;57,57;111996,0
2022-02-08 00:00:00-03:00;5,46;57,48;112234,0
2022-02-09 00:00:00-03:00;5,43;57,61;112461,0
2022-02-10 00:00:00-03:00;5,28;55,48;113359,0
2022-02-11 00:00:00-03:00;5,14;54,88;113572,0
2022-02-14 00:00:00-03:00;5,15;55,48;113807,0
2022-02-15 00:00:00-03:00;4,98;54,45;114660,0
2022-02-16 00:00:00-03:00;4,92;54,46;115181,0
2022-02-17 00:00:00-03:00;5,07;55,06;113528,0
2022-02-18 00:00:00-03:00;5,09;54,23;112768,0
2022-02-21 00:00:00-03:00;5,1;54,12;111725,0
2022-02-22 00:00:00-03:00;5,11;54,15;112892,0
2022-02-23 00:00:00-03:00;4,85;50,84;112008,0
2022-02-24 00:00:00-03:00;4,87;51,27;111592,0
2022-02-25 00:00:00-03:00;4,85;52,36;113142,0
2022-03-02 00:00:00-03:00;5,05;52,29;115174,0
2022-03-03 00:00:00-03:00;5,05;51,08;115166,0
2022-03-04 00:00:00-03:00;5,16;54,5;114474,0
2022-03-07 00:00:00-03:00;5,31;55,22;111593,0
2022-03-08 00:00:00-03:00;5,32;55,08;111203,0
2022-03-09 00:00:00-03:00;5,34;56,17;113900,0
2022-03-10 00:00:00-03:00;5,55;57,83;113663,0
2022-03-11 00:00:00-03:00;5,64;58,07;111713,0
2022-03-14 00:00:00-03:00;5,62;56,87;109928,0
2022-03-15 00:00:00-03:00;5,57;55,67;108959,0
2022-03-16 00:00:00-03:00;5,48;57,62;111112,0
2022-03-17 00:00:00-03:00;5,67;58,55;113076,0
2022-03-18 00:00:00-03:00;5,7;61,08;115311,0
2022-03-21 00:00:00-03:00;5,55;58,82;116155,0
2022-03-22 00:00:00-03:00;5,76;58,25;117272,0
2022-03-23 00:00:00-03:00;5,74;56,86;117457,0
2022-03-24 00:00:00-03:00;5,9;57,39;119053,0
2022-03-25 00:00:00-03:00;5,59;53,95;119081,0
2022-03-28 00:00:00-03:00;5,52;54,67;118738,0
2022-03-29 00:00:00-03:00;5,5;53,91;120014,0
2022-03-30 00:00:00-03:00;5,39;54,35;120260,0
2022-03-31 00:00:00-03:00;5,38;52,43;119999,0
2022-04-01 00:00:00-03:00;5,26;51,54;121570,0
2022-04-04 00:00:00-03:00;5,19;51,45;121280,0
2022-04-05 00:00:00-03:00;5,08;51,5;118885,0
2022-04-06 00:00:00-03:00;5,23;52,61;118228,0
2022-04-07 00:00:00-03:00;5,13;51,79;118862,0
2022-04-08 00:00:00-03:00;5,13;51,81;118322,0
2022-04-11 00:00:00-03:00;5,11;51,52;116953,0
2022-04-12 00:00:00-03:00;5,04;50,86;116147,0
2022-04-13 00:00:00-03:00;5,06;51,14;116782,0
2022-04-14 00:00:00-03:00;4,93;50,97;116182,0
2022-04-18 00:00:00-03:00;4,84;49,53;115687,0
2022-04-19 00:00:00-03:00;4,95;49,9;115057,0
2022-04-20 00:00:00-03:00;4,93;49,43;114344,0
2022-04-22 00:00:00-03:00;4,83;49,03;111078,0
2022-04-25 00:00:00-03:00;5,01;49,2;110685,0
2022-04-26 00:00:00-03:00;4,79;48,2;108213,0
2022-04-27 00:00:00-03:00;4,74;48,28;109349,0
2022-04-28 00:00:00-03:00;4,75;48,64;109919,0
2022-04-29 00:00:00-03:00;4,58;47,33;107876,0
2022-05-02 00:00:00-03:00;4,59;48,73;106639,0
2022-05-03 00:00:00-03:00;4,47;48,91;106528,0
2022-05-04 00:00:00-03:00;4,66;49,57;108344,0
2022-05-05 00:00:00-03:00;4,65;50,91;105304,0
2022-05-06 00:00:00-03:00;4,7;49,99;105135,0
2022-05-09 00:00:00-03:00;4,55;48,61;103250,0
2022-05-10 00:00:00-03:00;4,41;47,34;103110,0
2022-05-11 00:00:00-03:00;4,48;47,52;104397,0
2022-05-12 00:00:00-03:00;4,35;47,05;105688,0
2022-05-13 00:00:00-03:00;4,74;49,78;106924,0
2022-05-16 00:00:00-03:00;4,78;49,55;108233,0
2022-05-17 00:00:00-03:00;4,82;50,77;108789,0
2022-05-18 00:00:00-03:00;4,7;49,14;106247,0
2022-05-19 00:00:00-03:00;4,74;48,98;107005,0
2022-05-20 00:00:00-03:00;4,68;49,56;108488,0
2022-05-23 00:00:00-03:00;4,83;50,27;110346,0
2022-05-24 00:00:00-03:00;4,83;50,31;110581,0
2022-05-25 00:00:00-03:00;4,73;49,4;110580,0
2022-05-26 00:00:00-03:00;4,81;51,46;111890,0
2022-05-27 00:00:00-03:00;4,77;51,71;111942,0
2022-05-30 00:00:00-03:00;4,79;51,79;111032,0
2022-05-31 00:00:00-03:00;4,77;51,63;111351,0
2022-06-01 00:00:00-03:00;4,92;51,9;111360,0
2022-06-02 00:00:00-03:00;4,91;52,13;112393,0
2022-06-03 00:00:00-03:00;4,84;50,99;111102,0
2022-06-06 00:00:00-03:00;4,86;51,55;110186,0
2022-06-07 00:00:00-03:00;4,86;52,4;110070,0
2022-06-08 00:00:00-03:00;4,78;50,74;108368,0
2022-06-09 00:00:00-03:00;4,76;50,04;107094,0
2022-06-10 00:00:00-03:00;4,61;49,89;105481,0
2022-06-13 00:00:00-03:00;4,65;50,23;102598,0
2022-06-14 00:00:00-03:00;4,51;48,93;102063,0
2022-06-15 00:00:00-03:00;4,29;48,36;102807,0
2022-06-17 00:00:00-03:00;4,14;47,38;99825,0
2022-06-20 00:00:00-03:00;4,05;47,3;99853,0
2022-06-21 00:00:00-03:00;4,0;46,93;99685,0
2022-06-22 00:00:00-03:00;3,98;45,48;99522,0
2022-06-23 00:00:00-03:00;3,8;44,04;98080,0
2022-06-24 00:00:00-03:00;3,91;46,18;98672,0
2022-06-27 00:00:00-03:00;3,99;47,17;100764,0
2022-06-28 00:00:00-03:00;4,01;47,71;100591,0
2022-06-29 00:00:00-03:00;3,99;47,15;99622,0
2022-06-30 00:00:00-03:00;3,97;47,96;98542,0
2022-07-01 00:00:00-03:00;3,96;48,69;98954,0
2022-07-04 00:00:00-03:00;4,03;48,61;98609,0
2022-07-05 00:00:00-03:00;3,93;47,19;98295,0
2022-07-06 00:00:00-03:00;3,94;47,61;98719,0
2022-07-07 00:00:00-03:00;3,97;47,28;100730,0
2022-07-08 00:00:00-03:00;3,86;45,93;100289,0
2022-07-11 00:00:00-03:00;3,83;46,0;98212,0
2022-07-12 00:00:00-03:00;3,87;45,94;98271,0
2022-07-13 00:00:00-03:00;3,72;44,65;97881,0
2022-07-14 00:00:00-03:00;3,65;43,43;96121,0
2022-07-15 00:00:00-03:00;3,61;42,41;96551,0
2022-07-18 00:00:00-03:00;3,62;42,23;96916,0
2022-07-19 00:00:00-03:00;3,7;44,35;98245,0
2022-07-20 00:00:00-03:00;3,78;43,43;98287,0
2022-07-21 00:00:00-03:00;3,77;44,05;99033,0
2022-07-22 00:00:00-03:00;3,96;45,27;98925,0
2022-07-25 00:00:00-03:00;3,75;44,53;100270,0
2022-07-26 00:00:00-03:00;3,72;43,93;99772,0
2022-07-27 00:00:00-03:00;3,79;45,22;101438,0
2022-07-28 00:00:00-03:00;3,73;45,31;102597,0
2022-07-29 00:00:00-03:00;3,94;46,6;103165,0
2022-08-01 00:00:00-03:00;3,86;45,81;102225,0
2022-08-02 00:00:00-03:00;3,88;46,19;103362,0
2022-08-03 00:00:00-03:00;3,87;45,68;103775,0
2022-08-04 00:00:00-03:00;3,89;45,53;105892,0
2022-08-05 00:00:00-03:00;3,91;46,12;106472,0
2022-08-08 00:00:00-03:00;3,95;46,88;108402,0
2022-08-09 00:00:00-03:00;3,94;47,36;108651,0
2022-08-10 00:00:00-03:00;3,91;47,31;110236,0
2022-08-11 00:00:00-03:00;3,88;47,72;109718,0
2022-08-12 00:00:00-03:00;3,98;48,42;112764,0
2022-08-15 00:00:00-03:00;3,89;47,16;113032,0
2022-08-16 00:00:00-03:00;3,97;48,17;113512,0
2022-08-17 00:00:00-03:00;4,05;49,22;113708,0
2022-08-18 00:00:00-03:00;4,05;48,87;113813,0
2022-08-19 00:00:00-03:00;4,06;48,23;111496,0
2022-08-22 00:00:00-03:00;3,97;47,03;110501,0
2022-08-23 00:00:00-03:00;4,02;47,78;112857,0
2022-08-24 00:00:00-03:00;3,97;46,24;112898,0
2022-08-25 00:00:00-03:00;3,92;45,67;113532,0
2022-08-26 00:00:00-03:00;3,82;43,77;112299,0
2022-08-29 00:00:00-03:00;3,81;43,71;112323,0
2022-08-30 00:00:00-03:00;3,76;43,54;110431,0
2022-08-31 00:00:00-03:00;3,67;42,72;109523,0
2022-09-01 00:00:00-03:00;3,6;42,46;110405,0
2022-09-02 00:00:00-03:00;3,59;42,0;110864,0
2022-09-05 00:00:00-03:00;3,68;43,17;112203,0
2022-09-06 00:00:00-03:00;3,63;43,41;109764,0
2022-09-08 00:00:00-03:00;3,55;42,45;109916,0
2022-09-09 00:00:00-03:00;3,64;43,54;112300,0
2022-09-12 00:00:00-03:00;3,7;43,8;113407,0
2022-09-13 00:00:00-03:00;3,68;42,77;110794,0
2022-09-14 00:00:00-03:00;3,71;42,92;110547,0
2022-09-15 00:00:00-03:00;3,72;42,3;109954,0
2022-09-16 00:00:00-03:00;3,61;42,09;109280,0
2022-09-19 00:00:00-03:00;3,55;42,6;111824,0
2022-09-20 00:00:00-03:00;3,6;42,49;112517,0
2022-09-21 00:00:00-03:00;3,55;41,81;111936,0
2022-09-22 00:00:00-03:00;3,58;42,63;114070,0
2022-09-23 00:00:00-03:00;3,49;41,06;111716,0
2022-09-26 00:00:00-03:00;3,51;40,98;109114,0
2022-09-27 00:00:00-03:00;3,55;41,82;108376,0
2022-09-28 00:00:00-03:00;3,56;41,98;108451,0
2022-09-29 00:00:00-03:00;3,5;41,72;107664,0
2022-09-30 00:00:00-03:00;3,58;42,95;110037,0
2022-10-03 00:00:00-03:00;3,68;43,83;116134,0
2022-10-04 00:00:00-03:00;3,71;44,17;116230,0
2022-10-05 00:00:00-03:00;3,73;45,3;117198,0
2022-10-06 00:00:00-03:00;3,75;45,13;117561,0
2022-10-07 00:00:00-03:00;3,77;44,77;116375,0
2022-10-10 00:00:00-03:00;3,86;46,57;115941,0
2022-10-11 00:00:00-03:00;3,78;45,97;114827,0
2022-10-13 00:00:00-03:00;3,81;46,12;114300,0
2022-10-14 00:00:00-03:00;3,84;46,12;112072,0
2022-10-17 00:00:00-03:00;3,98;47,71;113624,0
2022-10-18 00:00:00-03:00;4,04;47,93;115743,0
2022-10-19 00:00:00-03:00;4,02;47,5;116274,0
2022-10-20 00:00:00-03:00;4,03;47,87;117171,0
2022-10-21 00:00:00-03:00;4,08;47,96;119929,0
2022-10-24 00:00:00-03:00;4,11;49,63;116013,0
2022-10-25 00:00:00-03:00;4,12;50,21;114626,0
2022-10-26 00:00:00-03:00;4,13;50,96;112764,0
2022-10-27 00:00:00-03:00;4,14;51,27;114641,0
2022-10-28 00:00:00-03:00;4,25;53,19;114539,0
2022-10-31 00:00:00-03:00;4,23;51,34;116037,0
2022-11-01 00:00:00-03:00;4,27;51,02;116929,0
2022-11-03 00:00:00-03:00;4,44;52,04;116896,0
2022-11-04 00:00:00-03:00;4,48;52,58;118155,0
2022-11-07 00:00:00-03:00;4,43;53,06;115342,0
2022-11-08 00:00:00-03:00;4,58;53,51;116160,0
2022-11-09 00:00:00-03:00;4,48;53,2;113580,0
2022-11-10 00:00:00-03:00;4,51;54,41;109775,0
2022-11-11 00:00:00-03:00;4,79;56,22;112253,0
2022-11-14 00:00:00-03:00;4,68;55,73;113161,0
2022-11-16 00:00:00-03:00;4,51;56,56;110243,0
2022-11-17 00:00:00-03:00;4,39;55,92;109703,0
2022-11-18 00:00:00-03:00;4,36;55,56;108880,0
2022-11-21 00:00:00-03:00;4,29;53,97;109748,0
2022-11-22 00:00:00-03:00;4,29;54,12;109037,0
2022-11-23 00:00:00-03:00;4,19;53,77;108683,0
2022-11-24 00:00:00-03:00;4,27;54,0;111831,0
2022-11-25 00:00:00-03:00;4,17;53,02;108977,0
2022-11-28 00:00:00-03:00;4,08;53,02;108782,0
2022-11-29 00:00:00-03:00;3,99;51,45;110910,0
2022-11-30 00:00:00-03:00;3,89;51,3;112486,0
2022-12-01 00:00:00-03:00;3,94;51,31;110926,0
2022-12-02 00:00:00-03:00;3,95;49,59;111924,0
2022-12-05 00:00:00-03:00;4,02;50,68;109401,0
2022-12-06 00:00:00-03:00;4,17;51,44;109533,0
2022-12-07 00:00:00-03:00;4,11;51,2;109361,0
2022-12-08 00:00:00-03:00;4,04;51,25;107245,0
2022-12-09 00:00:00-03:00;4,17;53,07;107689,0
2022-12-12 00:00:00-03:00;4,19;52,97;105264,0
2022-12-13 00:00:00-03:00;4,02;49,57;103892,0
2022-12-14 00:00:00-03:00;4,07;50,67;103803,0
2022-12-15 00:00:00-03:00;4,05;49,96;103738,0
2022-12-16 00:00:00-03:00;4,04;49,64;102825,0
2022-12-19 00:00:00-03:00;3,91;48,83;104530,0
2022-12-20 00:00:00-03:00;3,96;48,54;106979,0
2022-12-21 00:00:00-03:00;3,91;48,41;107313,0
2022-12-22 00:00:00-03:00;3,96;48,14;107317,0
2022-12-23 00:00:00-03:00;3,88;46,84;109698,0
2022-12-26 00:00:00-03:00;3,84;46,18;108738,0
2022-12-27 00:00:00-03:00;3,89;47,5;108347,0
2022-12-28 00:00:00-03:00;3,97;48,13;110237,0
2022-12-29 00:00:00-03:00;4,03;48,24;110031,0
